airline_key,airline_id,airline_code,airline_name,airline_country,airline_active,comparison_threshold_20,comparison_threshold_50,comparison_threshold_100,dashboard_default_eligible,top1_origin_share,top3_origin_share,origin_airport_hhi,effective_hubs,distinct_origin_airports
code:9D,,9D,,,,False,False,False,False,1,1,1,1,1
id:2260,2260,EW,Eurowings,Germany,Y,False,False,False,False,1,1,1,1,1
id:241,241,S2,Air Sahara,India,Y,False,False,False,False,1,1,1,1,1
id:146,146,2O,Air Salone,Sierra Leone,Y,False,False,False,False,0.5,1,0.5,2,2
id:16262,16262,3F,Fly Colombia ( Interliging Flights ),Colombia,Y,False,False,False,False,0.5,1,0.5,2,2
id:20565,20565,4B,Boutique Air (Priv),United States,Y,False,False,False,False,0.5,1,0.5,2,2
id:442,442,4D,Air Sinai,Egypt,Y,False,False,False,False,0.5,1,0.5,2,2
id:29,29,4K,Askari Aviation,Pakistan,Y,False,False,False,False,0.5,1,0.5,2,2
id:4496,4496,5G,Skyservice Airlines,Canada,Y,False,False,False,False,0.5,1,0.5,2,2
id:4436,4436,5M,Sibaviatrans,Russia,Y,False,False,False,False,0.5,1,0.5,2,2
id:18946,18946,5Z,VivaColombia,Colombia,Y,False,False,False,False,0.5,1,0.5,2,2
id:17095,17095,6I,Fly 6ix,Sierra Leone,Y,False,False,False,False,0.5,1,0.5,2,2
id:11814,11814,6Y,SmartLynx Airlines,Latvia,Y,False,False,False,False,0.5,1,0.5,2,2
id:563,563,7E,Aeroline GmbH,Germany,Y,False,False,False,False,0.5,1,0.5,2,2
id:1109,1109,8D,Astair,Russian Federation,Y,False,False,False,False,0.5,1,0.5,2,2
id:1392,1392,A8,Benin Golf Air,Benin,N,False,False,False,False,0.5,1,0.5,2,2
id:2881,2881,D6,Interair South Africa,South Africa,Y,False,False,False,False,0.5,1,0.5,2,2
id:9620,9620,GY,Gabon Airlines,Gabon,Y,False,False,False,False,0.5,1,0.5,2,2
id:2094,2094,H7,Eagle Air,Uganda,Y,False,False,False,False,0.5,1,0.5,2,2
id:319,319,HM,Air Seychelles,Seychelles,Y,False,False,False,False,0.5,1,0.5,2,2
id:1769,1769,HR,China United Airlines,China,Y,False,False,False,False,0.5,1,0.5,2,2
id:19944,19944,I4,International AirLink,Jamaica,Y,False,False,False,False,0.5,1,0.5,2,2
id:116,116,I9,Air Italy,Italy,Y,False,False,False,False,0.5,1,0.5,2,2
id:2731,2731,JB,Helijet,Canada,Y,False,False,False,False,0.5,1,0.5,2,2
id:109,109,KO,Alaska Central Express,United States,Y,False,False,False,False,0.5,1,0.5,2,2
id:3197,3197,LR,LACSA,Costa Rica,Y,False,False,False,False,0.5,1,0.5,2,2
id:3498,3498,MY,Midwest Airlines (Egypt),Egypt,Y,False,False,False,False,0.5,1,0.5,2,2
code:P1,,P1,,,,False,False,False,False,0.5,1,0.5,2,2
id:106,106,PE,Air Europe,Italy,Y,False,False,False,False,0.5,1,0.5,2,2
id:18700,18700,Q3,SOCHI AIR CHATER,Russia,Y,False,False,False,False,0.5,1,0.5,2,2
id:10,10,Q5,40-Mile Air,United States,Y,False,False,False,False,0.5,1,0.5,2,2
id:1048,1048,TD,Atlantis European Airways,Armenia,Y,False,False,False,False,0.5,1,0.5,2,2
id:2757,2757,UD,Hex'Air,France,Y,False,False,False,False,0.5,1,0.5,2,2
id:4165,4165,V4,Reem Air,Kyrgyzstan,N,False,False,False,False,0.5,1,0.5,2,2
id:1775,1775,X7,Chitaavia,Russia,N,False,False,False,False,0.5,1,0.5,2,2
id:17519,17519,YR,SENIC AIRLINES,United States,Y,False,False,False,False,0.5,1,0.5,2,2
id:1266,1266,Z3,Avient Aviation,Zimbabwe,Y,False,False,False,False,0.5,1,0.5,2,2
id:5521,5521,3J,Zip,Canada,N,False,False,False,False,0.6,1,0.44,2.27272727272727,3
code:EB,,EB,,,,False,False,False,False,0.6,1,0.44,2.27272727272727,3
id:641,641,FV,Rossiya-Russian Airlines,Russia,Y,False,False,False,False,0.6,1,0.44,2.27272727272727,3
id:3097,3097,RQ,Kam Air,Afghanistan,Y,False,False,False,False,0.6,1,0.44,2.27272727272727,3
id:3835,3835,9Q,PB Air,Thailand,Y,False,False,False,False,0.5,1,0.375,2.66666666666667,3
id:1230,1230,BF,Aero-Service,Republic of the Congo,Y,False,False,False,False,0.5,1,0.375,2.66666666666667,3
id:11963,11963,DZ,Starline.kz,Kazakhstan,Y,False,False,False,False,0.5,1,0.375,2.66666666666667,3
id:2217,2217,E7,Estafeta Carga Aerea,Mexico,N,False,False,False,False,0.5,1,0.375,2.66666666666667,3
id:11806,11806,E9,Compagnie Africaine d\\'Aviation,Congo (Kinshasa),Y,False,False,False,False,0.5,1,0.375,2.66666666666667,3
id:1508,1508,J8,Berjaya Air,Malaysia,Y,False,False,False,False,0.5,1,0.375,2.66666666666667,3
id:2419,2419,LF,FlyNordic,Sweden,Y,False,False,False,False,0.5,1,0.375,2.66666666666667,3
id:1008,1008,LV,Albanian Airlines,Albania,Y,False,False,False,False,0.5,1,0.375,2.66666666666667,3
id:3865,3865,LW,Pacific Wings,United States,Y,False,False,False,False,0.5,1,0.375,2.66666666666667,3
id:3783,3783,N3,Omskavia Airline,Russia,N,False,False,False,False,0.5,1,0.375,2.66666666666667,3
id:3781,3781,OY,Omni Air International,United States,Y,False,False,False,False,0.5,1,0.375,2.66666666666667,3
id:2541,2541,QB,Georgian National Airlines,Georgia,Y,False,False,False,False,0.5,1,0.375,2.66666666666667,3
id:2104,2104,QU,East African,Uganda,Y,False,False,False,False,0.5,1,0.375,2.66666666666667,3
id:1611,1611,UY,Cameroon Airlines,Cameroon,N,False,False,False,False,0.5,1,0.375,2.66666666666667,3
id:17023,17023,Y5,Asia Wings,Kazakhstan,Y,False,False,False,False,0.5,1,0.375,2.66666666666667,3
id:19016,19016,ZM,Apache Air,United States,Y,False,False,False,False,0.5,1,0.375,2.66666666666667,3
id:4388,4388,7G,Star Flyer,Japan,Y,False,False,False,False,0.5,0.833333333333333,0.333333333333333,3,4
id:3534,3534,8I,Myway Airlines,Italy,Y,False,False,False,False,0.5,0.833333333333333,0.333333333333333,3,4
id:16960,16960,AW,Asian Wings Airways,Burma,Y,False,False,False,False,0.5,0.833333333333333,0.333333333333333,3,4
id:20160,20160,E8,City Airways,Thailand,Y,False,False,False,False,0.5,0.833333333333333,0.333333333333333,3,4
id:336,336,EL,Air Nippon,Japan,Y,False,False,False,False,0.5,0.833333333333333,0.333333333333333,3,4
id:9784,9784,HK,Yangon Airways,Burma,Y,False,False,False,False,0.5,0.833333333333333,0.333333333333333,3,4
id:16707,16707,HN,Hankook Airline,South Korea,Y,False,False,False,False,0.5,0.833333333333333,0.333333333333333,3,4
id:42,42,M3,ABSA - Aerolinhas Brasileiras,Brazil,Y,False,False,False,False,0.5,0.833333333333333,0.333333333333333,3,4
id:491,491,OS,Austrian Airlines,Austria,Y,False,False,False,False,0.5,0.833333333333333,0.333333333333333,3,4
id:14061,14061,PQ,LSM Airlines,Russia,Y,False,False,False,False,0.5,0.833333333333333,0.333333333333333,3,4
id:4735,4735,S3,Santa Barbara Airlines,Venezuela,Y,False,False,False,False,0.5,0.833333333333333,0.333333333333333,3,4
id:5297,5297,VF,Valuair,Singapore,Y,False,False,False,False,0.5,0.833333333333333,0.333333333333333,3,4
id:8809,8809,WP,Island Air (WP),United States,Y,False,False,False,False,0.5,0.833333333333333,0.333333333333333,3,4
code:4E,,4E,,,,False,False,False,False,0.333333333333333,1,0.333333333333333,3,3
id:3201,3201,4M,LAN Argentina,Argentina,Y,False,False,False,False,0.333333333333333,1,0.333333333333333,3,3
id:43,43,ABJ,Abaet,Brazil,N,False,False,False,False,0.333333333333333,1,0.333333333333333,3,3
id:477,477,PJ,Air Saint Pierre,France,Y,False,False,False,False,0.5,0.833333333333333,0.333333333333333,3,4
id:3834,3834,PV,PAN Air,Spain,Y,False,False,False,False,0.5,0.833333333333333,0.333333333333333,3,4
id:16844,16844,XV,BVI Airways,British Virgin Islands,Y,False,False,False,False,0.333333333333333,1,0.333333333333333,3,3
id:2324,2324,EF,Far Eastern Air Transport,Taiwan,Y,False,False,False,False,0.5,0.75,0.3125,3.2,5
id:10737,10737,J4,ALAK,Russia,Y,False,False,False,False,0.5,0.75,0.3125,3.2,5
id:998,998,JS,Air Koryo,Democratic People's Republic of Korea,Y,False,False,False,False,0.5,0.75,0.3125,3.2,5
id:397,397,JW,Arrow Air,United States,Y,False,False,False,False,0.5,0.75,0.3125,3.2,5
id:11808,11808,K8,Zambia Skyways,Zambia,Y,False,False,False,False,0.5,0.75,0.3125,3.2,5
id:896,896,NY,Air Iceland,Iceland,Y,False,False,False,False,0.5,0.75,0.3125,3.2,5
code:O4,,O4,,,,False,False,False,False,0.5,0.75,0.3125,3.2,5
id:3969,3969,PI,Piedmont Airlines (1948-1989),United States,Y,False,False,False,False,0.5,0.75,0.3125,3.2,5
id:3637,3637,RA,Nepal Airlines,Nepal,Y,False,False,False,False,0.5,0.75,0.3125,3.2,5
id:17099,17099,S9,Starbow Airlines,Ghana,Y,False,False,False,False,0.5,0.75,0.3125,3.2,5
id:11948,11948,VQ,Viking Hellas,Greece,Y,False,False,False,False,0.5,0.75,0.3125,3.2,5
code:ZD,,ZD,,,,False,False,False,False,0.5,0.75,0.3125,3.2,5
id:2226,2226,RZ,Euro Exec Express,Sweden,Y,False,False,False,False,0.529411764705882,0.647058823529412,0.307958477508651,3.24719101123596,9
id:68,68,8T,Air Tindi,Canadian Territories,Y,False,False,False,False,0.5,0.7,0.3,3.33333333333333,6
id:9829,9829,CN,Canadian National Airways,Canada,Y,False,False,False,False,0.5,0.7,0.3,3.33333333333333,6
id:1441,1441,WW,bmibaby,United Kingdom,Y,False,False,False,False,0.5,0.7,0.3,3.33333333333333,6
id:4805,4805,6W,Saratov Aviation Division,Russia,Y,False,False,False,False,0.5,0.7,0.3,3.33333333333333,6
id:16963,16963,E5,Air Arabia Egypt,Egypt,Y,False,False,False,False,0.5,0.7,0.3,3.33333333333333,6
id:5523,5523,Z4,Zoom Airlines,Canada,Y,False,False,False,False,0.5,0.7,0.3,3.33333333333333,6
id:19610,19610,LT,Air Lituanica,Lithuania,Y,False,False,False,False,0.5,0.666666666666667,0.291666666666667,3.42857142857143,7
id:16660,16660,W4,AeroWorld ,Russia,Y,False,False,False,False,0.5,0.666666666666667,0.291666666666667,3.42857142857143,7
id:3432,3432,8M,Maxair,Sweden,Y,False,False,False,False,0.5,0.666666666666667,0.291666666666667,3.42857142857143,7
id:3342,3342,MJ,L,Argentina,Y,False,False,False,False,0.5,0.642857142857143,0.285714285714286,3.5,8
id:179,179,PL,Aeroper,Peru,Y,False,False,False,False,0.5,0.642857142857143,0.285714285714286,3.5,8
id:3805,3805,R2,Orenburg Airlines,Russia,Y,False,False,False,False,0.444444444444444,0.777777777777778,0.283950617283951,3.52173913043478,5
id:881,881,RC,Atlantic Airways,Faroe Islands,Y,False,False,False,False,0.444444444444444,0.777777777777778,0.283950617283951,3.52173913043478,5
id:2692,2692,BH,Hawkair,Canada,Y,False,False,False,False,0.375,0.875,0.28125,3.55555555555556,4
id:1750,1750,C8,Chicago Express,United States,N,False,False,False,False,0.375,0.875,0.28125,3.55555555555556,4
id:2896,2896,ID,Interlink Airlines,South Africa,Y,False,False,False,False,0.5,0.625,0.28125,3.55555555555556,9
id:3826,3826,OJ,Overland Airways,Nigeria,Y,False,False,False,False,0.375,0.875,0.28125,3.55555555555556,4
id:3618,3618,ON,Nauru Air Corporation,Nauru,Y,False,False,False,False,0.375,0.875,0.28125,3.55555555555556,4
id:426,426,QN,Air Armenia,Armenia,N,False,False,False,False,0.5,0.625,0.28125,3.55555555555556,9
id:5368,5368,RG,VRG Linhas Aereas,Brazil,Y,False,False,False,False,0.375,0.875,0.28125,3.55555555555556,4
id:5083,5083,T5,Turkmenistan Airlines,Turkmenistan,Y,False,False,False,False,0.5,0.625,0.28125,3.55555555555556,9
id:16133,16133,YT,Yeti Airways,Nepal,Y,False,False,False,False,0.5,0.625,0.28125,3.55555555555556,9
id:21012,21012,F5,Fly One,Moldova,Y,False,False,False,False,0.4,0.8,0.28,3.57142857142857,4
id:20963,20963,K3,Atlantic Air Cargo,United States,N,False,False,False,False,0.4,0.8,0.28,3.57142857142857,4
id:3123,3123,M5,Kenmore Air,United States,Y,False,False,False,False,0.4,0.8,0.28,3.57142857142857,4
id:1966,1966,D3,Daallo Airlines,Djibouti,Y,False,False,False,False,0.333333333333333,0.833333333333333,0.277777777777778,3.6,4
id:3547,3547,M9,Motor Sich,Ukraine,Y,False,False,False,False,0.333333333333333,0.833333333333333,0.277777777777778,3.6,4
id:10776,10776,S6,Salmon Air,United States,Y,False,False,False,False,0.333333333333333,0.833333333333333,0.277777777777778,3.6,4
id:2622,2622,TA,Grupo TACA,Costa Rica,Y,False,False,False,False,0.333333333333333,0.833333333333333,0.277777777777778,3.6,4
id:1669,1669,V3,Carpatair,Romania,Y,False,False,False,False,0.333333333333333,0.833333333333333,0.277777777777778,3.6,4
id:2774,2774,UO,Hong Kong Express Airways,Hong Kong SAR of China,Y,True,False,False,False,0.5,0.6,0.275,3.63636363636364,11
id:4234,4234,GZ,Air Rarotonga,Cook Islands,Y,False,False,False,False,0.454545454545455,0.727272727272727,0.272727272727273,3.66666666666667,6
id:10912,10912,J5,Alaska Seaplane Service,United States,Y,False,False,False,False,0.454545454545455,0.727272727272727,0.272727272727273,3.66666666666667,6
id:18543,18543,SX,SkyWork Airlines ,Switzerland,Y,True,False,False,False,0.5,0.583333333333333,0.270833333333333,3.69230769230769,13
id:3370,3370,W5,Mahan Air,Iran,Y,True,False,False,False,0.5,0.583333333333333,0.270833333333333,3.69230769230769,13
id:5982,5982,BX,Air Busan,Republic of Korea,Y,True,False,False,False,0.5,0.571428571428571,0.267857142857143,3.73333333333334,15
id:2993,2993,J9,Jazeera Airways,Kuwait,Y,True,False,False,False,0.5,0.566666666666667,0.266666666666667,3.75,16
id:897,897,2P,Air Philippines,Philippines,Y,True,False,False,False,0.5,0.5625,0.265625,3.76470588235294,17
id:246,246,M6,Amerijet International,United States,N,False,False,False,False,0.285714285714286,0.857142857142857,0.26530612244898,3.76923076923077,4
id:11857,11857,RL,Royal Falcon,Jordan,Y,False,False,False,False,0.428571428571429,0.714285714285714,0.26530612244898,3.76923076923077,5
id:2417,2417,D7,AirAsia X,Malaysia,Y,True,False,False,False,0.5,0.555555555555556,0.263888888888889,3.78947368421053,19
id:1073,1073,9U,Air Moldova,Moldova,Y,True,False,False,False,0.5,0.552631578947368,0.263157894736842,3.8,20
id:316,316,NX,Air Macau,Macao,Y,True,True,False,True,0.5,0.538461538461539,0.259615384615385,3.85185185185185,27
id:4936,4936,TR,Tiger Airways,Singapore,Y,True,True,False,True,0.5,0.527027027027027,0.256756756756757,3.89473684210526,38
id:3210,3210,LO,LOT Polish Airlines,Poland,Y,True,True,False,True,0.5,0.520833333333333,0.255208333333333,3.91836734693878,49
id:329,329,G9,Air Arabia,United Arab Emirates,Y,True,True,True,True,0.5,0.515625,0.25390625,3.93846153846154,65
id:1942,1942,CY,Cyprus Airways,Cyprus,Y,True,False,False,False,0.482758620689655,0.586206896551724,0.253269916765755,3.94835680751174,15
id:5097,5097,QS,Travel Service,Czech Republic,Y,True,True,False,True,0.492537313432836,0.552238805970149,0.251058142125195,3.98314108251996,33
id:2150,2150,LY,El Al Israel Airlines,Israel,Y,True,True,False,True,0.493150684931507,0.534246575342466,0.250516044285982,3.99176029962547,37
id:2773,2773,HX,Hong Kong Airlines,Hong Kong SAR of China,Y,True,False,False,False,0.489795918367347,0.530612244897959,0.250312369845897,3.99500831946755,26
id:2638,2638,GF,Gulf Air Bahrain,Bahrain,Y,True,True,False,True,0.493333333333333,0.52,0.250133333333333,3.99786780383795,39
id:10650,10650,5P,Pal airlines,Chile,Y,False,False,False,False,0.25,0.75,0.25,4,4
code:6L,,6L,,,,False,False,False,False,0.416666666666667,0.75,0.25,4,6
id:18828,18828,I8,IzAvia,Russia,Y,False,False,False,False,0.375,0.75,0.25,4,5
id:11794,11794,OC,Catovair,Mauritius,Y,False,False,False,False,0.375,0.75,0.25,4,5
id:608,608,UM,Air Zimbabwe,Zimbabwe,Y,False,False,False,False,0.25,0.75,0.25,4,4
id:18825,18825,Z9,Flightlink Tanzania,Tanzania,Y,False,False,False,False,0.25,0.75,0.25,4,4
id:2056,2056,KA,Dragonair,DRAGON,Y,True,True,False,True,0.489130434782609,0.521739130434783,0.245037807183365,4.08100289296047,47
id:1478,1478,B2,Belavia Belarusian Airlines,Belarus,Y,True,True,False,True,0.4875,0.525,0.244375,4.0920716112532,41
id:3490,3490,ME,Middle East Airlines,Lebanon,Y,True,True,False,True,0.483870967741935,0.548387096774194,0.244016649323621,4.09808102345416,30
id:197,197,J2,Azerbaijan Airlines,Azerbaijan,Y,True,True,False,True,0.48,0.56,0.2424,4.12541254125412,25
id:19810,19810,9N,Regional Air Iceland,Iceland,Y,False,False,False,False,0.4375,0.6875,0.2421875,4.12903225806452,8
id:4066,4066,P0,Proflight Commuter Services,Zambia,Y,False,False,False,False,0.4375,0.6875,0.2421875,4.12903225806452,8
id:3721,3721,U7,Northern Dene Airways,Canada,Y,False,False,False,False,0.4375,0.6875,0.2421875,4.12903225806452,8
id:3674,3674,DD,Nok Air,Thailand,Y,True,False,False,False,0.478260869565217,0.565217391304348,0.241965973534972,4.1328125,23
id:132,132,JA,Air Bosna,Bosnia and Herzegovina,Y,False,False,False,False,0.4,0.7,0.24,4.16666666666667,6
id:20686,20686,Q7,SkyBahamas Airlines,Bahamas,Y,False,False,False,False,0.4,0.7,0.24,4.16666666666667,6
id:3386,3386,TF,Malmö Aviation,Sweden,Y,False,False,False,False,0.4,0.7,0.24,4.16666666666667,6
id:2218,2218,OV,Estonian Air,Estonia,Y,True,False,False,False,0.461538461538462,0.576923076923077,0.236686390532544,4.225,14
id:1401,1401,4T,Belair Airlines,Switzerland,Y,False,False,False,False,0.416666666666667,0.666666666666667,0.236111111111111,4.23529411764706,7
id:2954,2954,6H,Israir,Israel,Y,False,False,False,False,0.416666666666667,0.666666666666667,0.236111111111111,4.23529411764706,7
id:20047,20047,E2,Eagle Atlantic Airlines,Ghana,Y,False,False,False,False,0.333333333333333,0.75,0.236111111111111,4.23529411764706,5
id:3354,3354,OM,MIAT Mongolian Airlines,Mongolia,Y,False,False,False,False,0.416666666666667,0.666666666666667,0.236111111111111,4.23529411764706,7
id:9666,9666,VH,Virgin Pacific,Fiji,Y,False,False,False,False,0.416666666666667,0.666666666666667,0.236111111111111,4.23529411764706,7
id:3545,3545,3R,Moskovia Airlines,Russia,Y,True,False,False,False,0.45,0.6,0.235,4.25531914893617,11
id:2409,2409,F2,Fly Air,Turkey,N,False,False,False,False,0.428571428571429,0.642857142857143,0.23469387755102,4.26086956521739,8
id:5016,5016,PM,Tropic Air,Belize,Y,False,False,False,False,0.428571428571429,0.642857142857143,0.23469387755102,4.26086956521739,8
id:1206,1206,QL,Aero Lanka,Sri Lanka,Y,False,False,False,False,0.428571428571429,0.642857142857143,0.23469387755102,4.26086956521739,8
id:18232,18232,5Q,BQB Lineas Aereas,Uruguay,Y,False,False,False,False,0.444444444444444,0.611111111111111,0.234567901234568,4.26315789473684,10
id:2835,2835,FI,Icelandair,Iceland,Y,True,True,False,True,0.471698113207547,0.528301886792453,0.233179067283731,4.28854961832061,28
id:242,242,KM,Air Malta,Malta,Y,True,True,False,True,0.475,0.525,0.233125,4.28954423592493,40
id:221,221,CC,Air Atlanta Icelandic,Iceland,Y,False,False,False,False,0.307692307692308,0.769230769230769,0.230769230769231,4.33333333333333,5
id:4750,4750,MI,SilkAir,Singapore,Y,True,True,False,True,0.472527472527473,0.527472527472527,0.230527714044198,4.33787323205867,44
id:1057,1057,MK,Air Mauritius,Mauritius,Y,True,False,False,False,0.461538461538462,0.538461538461539,0.228139381985536,4.38328530259366,21
id:2750,2750,2L,Helvetic Airways,Switzerland,Y,False,False,False,False,0.428571428571429,0.571428571428571,0.224489795918367,4.45454545454545,9
id:10758,10758,4Q,Safi Airlines,Afghanistan,Y,False,False,False,False,0.357142857142857,0.714285714285714,0.224489795918367,4.45454545454545,6
code:YJ,,YJ,,,,False,False,False,False,0.357142857142857,0.714285714285714,0.224489795918367,4.45454545454545,6
id:3857,3857,Q8,Pacific East Asia Cargo Airlines,Philippines,Y,False,False,False,False,0.285714285714286,0.714285714285714,0.224489795918367,4.45454545454546,5
id:3811,3811,OX,Orient Thai Airlines,Thailand,Y,False,False,False,False,0.333333333333333,0.666666666666667,0.222222222222222,4.5,5
id:17408,17408,8B,BusinessAir,Thailand,Y,False,False,False,False,0.25,0.75,0.222222222222222,4.5,5
id:1338,1338,2K,Aerolineas Galapagos (Aerogal),Ecuador,Y,False,False,False,False,0.333333333333333,0.75,0.222222222222222,4.5,6
id:5002,5002,3P,Tiara Air,Aruba,Y,False,False,False,False,0.333333333333333,0.666666666666667,0.222222222222222,4.5,5
code:7S,,7S,,,,False,False,False,False,0.333333333333333,0.666666666666667,0.222222222222222,4.5,5
id:4356,4356,SY,Sun Country Airlines,United States,Y,True,False,False,False,0.447368421052632,0.552631578947368,0.220221606648199,4.54088050314465,18
id:19804,19804,A2,All America,United States,Y,False,False,False,False,0.4,0.6,0.22,4.54545454545454,7
id:10800,10800,V9,Star1 Airlines,Lithuania,Y,False,False,False,False,0.4,0.6,0.22,4.54545454545454,7
id:10739,10739,3E,Air Choice One,United States,Y,False,False,False,False,0.3,0.7,0.22,4.54545454545454,5
id:4521,4521,SD,Sudan Airways,Sudan,Y,True,False,False,False,0.441176470588235,0.588235294117647,0.219723183391003,4.5511811023622,16
id:16615,16615,7M,Mongolian International Air Lines ,Mongolia,Y,False,False,False,False,0.25,0.75,0.21875,4.57142857142857,5
id:2264,2264,JN,Excel Airways,United Kingdom,Y,False,False,False,False,0.375,0.625,0.21875,4.57142857142857,6
id:17675,17675,MM,Peach Aviation,Japan,Y,True,False,False,False,0.4375,0.59375,0.21875,4.57142857142857,15
code:4W,,4W,,,,False,False,False,False,0.4,0.666666666666667,0.217777777777778,4.59183673469388,8
code:P2,,P2,,,,False,False,False,False,0.4,0.666666666666667,0.217777777777778,4.59183673469388,8
id:3021,3021,3K,Jetstar Asia Airways,Singapore,Y,True,False,False,False,0.444444444444444,0.555555555555556,0.217592592592593,4.59574468085106,18
id:3788,3788,8Q,Onur Air,Turkey,Y,True,False,False,False,0.444444444444444,0.555555555555556,0.217592592592593,4.59574468085106,19
id:3778,3778,WY,Oman Air,Oman,Y,True,True,False,True,0.456521739130435,0.510869565217391,0.215973534971645,4.63019693654267,45
id:19676,19676,RX,Rainbow Air Polynesia,United States,Y,True,False,False,False,0.4,0.65,0.215,4.65116279069767,9
id:4438,4438,SI,Skynet Airlines,Ireland,Y,True,False,False,False,0.4,0.65,0.215,4.65116279069767,9
id:4335,4335,BB,Seaborne Airlines,United States,Y,True,False,False,False,0.4375,0.5625,0.21484375,4.65454545454545,16
id:5354,5354,LC,Varig Log,Brazil,Y,False,False,False,False,0.285714285714286,0.714285714285714,0.214285714285714,4.66666666666667,5
id:333,333,BT,Air Baltic,Latvia,Y,True,True,True,True,0.453703703703704,0.509259259259259,0.212620027434842,4.70322580645161,53
id:139,139,SB,Air Caledonie International,France,Y,True,False,False,False,0.409090909090909,0.636363636363636,0.210743801652893,4.74509803921569,11
id:3850,3850,BL,Jetstar Pacific,Vietnam,Y,False,False,False,False,0.388888888888889,0.611111111111111,0.209876543209877,4.76470588235294,8
code:5U,,5U,,,,False,False,False,False,0.333333333333333,0.666666666666667,0.209876543209877,4.76470588235294,6
id:2989,2989,EG,Japan Asia Airways,Japan,Y,False,False,False,False,0.333333333333333,0.666666666666667,0.209876543209877,4.76470588235294,6
id:4255,4255,BI,Royal Brunei Airlines,Brunei,Y,True,False,False,False,0.433333333333333,0.533333333333333,0.208888888888889,4.78723404255319,17
id:1034,1034,XL,Aerolane,Ecuador,Y,False,False,False,False,0.333333333333333,0.666666666666667,0.208333333333333,4.8,7
id:16726,16726,7H,Era Alaska,United States,Y,True,False,False,False,0.416666666666667,0.583333333333333,0.208333333333333,4.8,13
id:3090,3090,KL,KLM Royal Dutch Airlines,Netherlands,Y,True,True,True,True,0.452380952380952,0.471428571428571,0.207664399092971,4.81546189124263,107
id:4808,4808,HZ,Sat Airlines,Kazakhstan,Y,False,False,False,False,0.363636363636364,0.636363636363636,0.206611570247934,4.84,7
id:2418,2418,TE,FlyLal,Lithuania,Y,False,False,False,False,0.272727272727273,0.727272727272727,0.206611570247934,4.84,6
id:4259,4259,RJ,Royal Jordanian,Jordan,Y,True,True,True,True,0.446428571428571,0.5,0.205994897959184,4.85448916408668,55
id:508,508,GR,Aurigny Air Services,United Kingdom,Y,True,False,False,False,0.4,0.6,0.205,4.8780487804878,10
id:83,83,JP,Adria Airways,Slovenia,Y,True,False,False,False,0.425,0.575,0.205,4.87804878048781,18
id:3329,3329,LG,Luxair,Luxembourg,Y,True,True,True,True,0.444444444444444,0.490740740740741,0.204389574759945,4.89261744966443,52
id:9810,9810,LJ,Jin Air,South Korea,Y,True,False,False,False,0.423076923076923,0.538461538461538,0.20414201183432,4.89855072463768,15
id:1829,1829,MN,Comair,South Africa,Y,False,False,False,False,0.285714285714286,0.714285714285714,0.204081632653061,4.9,6
id:2585,2585,DC,Golden Air,Sweden,Y,False,False,False,False,0.388888888888889,0.611111111111111,0.203703703703704,4.90909090909091,10
id:11763,11763,P9,Peruvian Airlines,Peru,Y,False,False,False,False,0.375,0.625,0.203125,4.92307692307692,8
id:1290,1290,VW,Aeromar,Mexico,Y,True,False,False,False,0.428571428571429,0.547619047619048,0.202947845804989,4.92737430167598,21
id:4940,4940,TG,Thai Airways International,Thailand,Y,True,True,True,True,0.444444444444444,0.5,0.202789208962049,4.93122886133033,77
id:1548,1548,FB,Bulgaria Air,Bulgaria,Y,True,True,False,True,0.428571428571429,0.553571428571429,0.201530612244898,4.9620253164557,26
id:1531,1531,SN,Brussels Airlines,Belgium,Y,True,True,True,True,0.442028985507246,0.485507246376812,0.200798151648813,4.98012552301255,68
id:3952,3952,PR,Philippine Airlines,Philippines,Y,True,True,True,True,0.441176470588235,0.492647058823529,0.200692041522491,4.98275862068965,64
id:2183,2183,EK,Emirates,United Arab Emirates,Y,True,True,True,True,0.442379182156134,0.472118959107807,0.198739652575282,5.03170850427647,126
id:4091,4091,QR,Qatar Airways,Qatar,Y,True,True,True,True,0.442231075697211,0.462151394422311,0.198266694179457,5.04371147226003,127
id:20270,20270,D2,Severstal Air Company,Russia,Y,False,False,False,False,0.388888888888889,0.611111111111111,0.197530864197531,5.0625,10
id:2538,2538,A9,Georgian Airways,Georgia,Y,False,False,False,False,0.388888888888889,0.611111111111111,0.197530864197531,5.0625,10
id:1946,1946,OK,Czech Airlines,Czech Republic,Y,True,True,True,True,0.435643564356436,0.485148514851485,0.197333594745613,5.0675608544461,49
id:2222,2222,EY,Etihad Airways,United Arab Emirates,Y,True,True,True,True,0.436781609195402,0.482758620689655,0.195468357775135,5.11591753970936,84
id:8463,8463,4H,United Airways,Bangladesh,Y,True,False,False,False,0.40625,0.5625,0.1953125,5.12,15
id:17083,17083,NP,Nile Air,Egypt,Y,False,False,False,False,0.3125,0.6875,0.1953125,5.12,8
id:10955,10955,I6,MexicanaLink,Mexico,Y,True,False,False,False,0.35,0.65,0.195,5.12820512820513,8
id:1682,1682,KX,Cayman Airways,Cayman Islands,Y,True,False,False,False,0.391304347826087,0.565217391304348,0.194706994328922,5.13592233009709,11
id:807,807,EN,Air Dolomiti,Italy,Y,False,False,False,False,0.333333333333333,0.666666666666667,0.194444444444444,5.14285714285714,7
id:19582,19582,JU,Air Serbia,Serbia,Y,True,True,False,True,0.428571428571429,0.493506493506494,0.192781244729297,5.18722659667542,41
id:3393,3393,JE,Mango,South Africa,Y,False,False,False,False,0.277777777777778,0.666666666666667,0.191358024691358,5.2258064516129,8
id:15893,15893,M4,Marysya Airlines,Russia,Y,False,False,False,False,0.368421052631579,0.578947368421053,0.191135734072022,5.23188405797101,9
id:13335,13335,MR,Homer Air,Germany,Y,False,False,False,False,0.368421052631579,0.631578947368421,0.191135734072022,5.23188405797101,10
id:1654,1654,2G,Cargoitalia,Italy,N,False,False,False,False,0.368421052631579,0.631578947368421,0.191135734072022,5.23188405797102,10
id:470,470,2J,Air Burkina,Burkina Faso,Y,True,False,False,False,0.363636363636364,0.590909090909091,0.190082644628099,5.26086956521739,9
id:13899,13899,K6,Cambodia Angkor Air (K6),Cambodia,Y,True,False,False,False,0.318181818181818,0.636363636363636,0.190082644628099,5.26086956521739,8
id:18169,18169,P4,Patriot Airways,United States,Y,True,False,False,False,0.333333333333333,0.619047619047619,0.188208616780045,5.31325301204819,8
id:2990,2990,NU,Japan Transocean Air,Japan,Y,True,False,False,False,0.363636363636364,0.590909090909091,0.18595041322314,5.37777777777778,10
id:1908,1908,SS,Corsairfly,France,Y,False,False,False,False,0.368421052631579,0.578947368421053,0.185595567867036,5.38805970149254,10
id:3287,3287,LM,Linhas A,Mozambique,Y,True,False,False,False,0.3,0.65,0.185,5.4054054054054,7
id:3179,3179,KU,Kuwait Airways,Kuwait,Y,True,True,False,True,0.417721518987342,0.468354430379747,0.184425572824868,5.42224152910513,39
id:503,503,5N,Aeroflot-Nord,Russia,Y,False,False,False,False,0.214285714285714,0.642857142857143,0.183673469387755,5.44444444444444,6
id:16882,16882,YQ,Polet Airlines (Priv),Russia,Y,False,False,False,False,0.285714285714286,0.642857142857143,0.183673469387755,5.44444444444444,7
id:341,341,4N,Air North Charter - Canada,Canada,Y,False,False,False,False,0.307692307692308,0.615384615384615,0.183431952662722,5.45161290322581,7
id:2688,2688,HA,Hawaiian Airlines,United States,Y,True,True,False,True,0.4,0.542857142857143,0.182448979591837,5.48098434004474,30
id:9531,9531,7J,Tajik Air,Tajikistan,Y,True,False,False,False,0.382352941176471,0.558823529411765,0.181660899653979,5.5047619047619,15
id:1500,1500,7P,Metro Batavia,Indonesia,Y,False,False,False,False,0.333333333333333,0.583333333333333,0.180555555555556,5.53846153846154,8
id:2293,2293,EO,Express One International,United States,Y,False,False,False,False,0.333333333333333,0.583333333333333,0.180555555555556,5.53846153846154,8
id:17891,17891,TZ,Scoot,Singapore,Y,True,False,False,False,0.375,0.583333333333333,0.180555555555556,5.53846153846154,13
id:1191,1191,UU,Air Austral,France,Y,True,False,False,False,0.375,0.541666666666667,0.180555555555556,5.53846153846154,12
id:5282,5282,PS,Ukraine International Airlines,Ukraine,Y,True,True,True,True,0.411764705882353,0.487394957983193,0.180142645293411,5.55115640925128,50
id:1173,1173,4Y,Airbus France,France,N,False,False,False,False,0.368421052631579,0.578947368421053,0.18005540166205,5.55384615384615,11
id:2748,2748,HW,Hello,Switzerland,Y,False,False,False,False,0.2,0.6,0.18,5.55555555555555,6
id:231,231,IZ,Arkia Israel Airlines,Israel,Y,True,False,False,False,0.35,0.6,0.18,5.55555555555556,10
id:1943,1943,YK,Cyprus Turkish Airlines,Turkey,Y,True,False,False,False,0.294117647058824,0.617647058823529,0.179930795847751,5.55769230769231,11
id:995,995,KK,Atlasjet,Turkey,Y,True,False,False,False,0.375,0.5625,0.1796875,5.56521739130435,14
id:5156,5156,PZ,TAM Mercosur,Paraguay,Y,False,False,False,False,0.277777777777778,0.666666666666667,0.179012345679012,5.58620689655172,8
id:1889,1889,CM,Copa Airlines,Panama,Y,True,True,True,True,0.409395973154362,0.51006711409396,0.177784784469168,5.62477831264251,64
id:1581,1581,5C,CAL Cargo Air Lines,Israel,Y,True,False,False,False,0.379310344827586,0.551724137931034,0.177170035671819,5.64429530201342,15
id:1680,1680,CX,Cathay Pacific,Hong Kong SAR of China,Y,True,True,True,True,0.413793103448276,0.472906403940887,0.176539105535199,5.66446735395189,94
id:4021,4021,PD,Porter Airlines,Canada,Y,True,False,False,False,0.382352941176471,0.558823529411765,0.176470588235294,5.66666666666667,17
id:10741,10741,KN,China United,China,Y,True,True,False,True,0.408163265306122,0.479591836734694,0.176176593086214,5.67612293144208,48
id:4349,4349,UL,SriLankan Airlines,Sri Lanka,Y,True,True,False,True,0.405063291139241,0.493670886075949,0.176093574747637,5.67879890809827,38
id:2825,2825,TY,Iberworld,Spain,Y,True,False,False,False,0.347826086956522,0.565217391304348,0.175803402646503,5.68817204301075,10
id:4305,4305,SA,South African Airways,South Africa,Y,True,True,False,True,0.406593406593407,0.483516483516484,0.175703417461659,5.6914089347079,45
id:3437,3437,MW,Maya Island Air,Belize,Y,False,False,False,False,0.315789473684211,0.578947368421053,0.174515235457064,5.73015873015873,8
id:683,683,BP,Air Botswana,Botswana,Y,True,False,False,False,0.291666666666667,0.625,0.173611111111111,5.76,8
id:1844,1844,KR,Comores Airlines,Comoros,Y,True,False,False,False,0.318181818181818,0.590909090909091,0.173553719008264,5.76190476190476,9
id:225,225,TN,Air Tahiti Nui,France,Y,False,False,False,False,0.272727272727273,0.636363636363636,0.173553719008264,5.76190476190476,7
id:8576,8576,5H,Fly540,Kenya,Y,False,False,False,False,0.333333333333333,0.555555555555556,0.172839506172839,5.78571428571429,9
id:3539,3539,YM,Montenegro Airlines,Montenegro,Y,True,False,False,False,0.346153846153846,0.576923076923077,0.171597633136095,5.82758620689655,12
id:622,622,R7,Aserca Airlines,Venezuela,Y,True,False,False,False,0.346153846153846,0.576923076923077,0.171597633136095,5.82758620689655,11
id:5651,5651,VJ,Royal Air Cambodge,Cambodia,Y,True,False,False,False,0.323529411764706,0.588235294117647,0.171280276816609,5.83838383838384,12
id:16149,16149,WM,Windward Islands Airways,Netherlands Antilles,Y,True,False,False,False,0.36,0.52,0.1712,5.8411214953271,12
id:1792,1792,WX,CityJet,Ireland,Y,True,False,False,False,0.366666666666667,0.566666666666667,0.171111111111111,5.84415584415585,16
id:14849,14849,JY,Aereonautica militare,Italy,Y,True,False,False,False,0.357142857142857,0.535714285714286,0.170918367346939,5.85074626865672,12
id:2091,2091,BR,EVA Air,Taiwan,Y,True,True,True,True,0.401960784313726,0.470588235294118,0.170511341791619,5.86471251409244,51
id:4947,4947,FD,Thai AirAsia,Thailand,Y,True,True,False,True,0.391304347826087,0.521739130434783,0.170132325141777,5.87777777777778,37
id:5179,5179,RO,Tarom,Romania,Y,True,True,False,True,0.395348837209302,0.5,0.169821525148729,5.88853503184713,40
id:4513,4513,FS,Servicios de Transportes A,Argentina,Y,False,False,False,False,0.235294117647059,0.588235294117647,0.169550173010381,5.89795918367347,7
id:4869,4869,TP,TAP Portugal,Portugal,Y,True,True,True,True,0.397435897435897,0.5,0.1689677843524,5.91828793774319,68
id:4435,4435,SQ,Singapore Airlines,Singapore,Y,True,True,True,True,0.401515151515151,0.439393939393939,0.167584940312213,5.96712328767123,65
id:8359,8359,2I,Star Peru (2I),Peru,Y,False,False,False,False,0.277777777777778,0.611111111111111,0.166666666666667,6,8
id:13200,13200,JH,Fuji Dream Airlines,Japan,Y,False,False,False,False,0.333333333333333,0.555555555555556,0.166666666666667,6,10
id:882,882,QH,Air Florida,United States,Y,True,False,False,False,0.294117647058824,0.588235294117647,0.166089965397924,6.02083333333333,12
id:2765,2765,HD,Hokkaido International Airlines,Japan,Y,True,False,False,False,0.307692307692308,0.576923076923077,0.165680473372781,6.03571428571428,14
id:4951,4951,TK,Turkish Airlines,Turkey,Y,True,True,True,True,0.402621722846442,0.456928838951311,0.16550239167333,6.04220875535026,239
id:32,32,8U,Afriqiyah Airways,Libya,Y,True,False,False,False,0.305555555555556,0.583333333333333,0.165123456790124,6.05607476635514,13
id:11838,11838,Q9,Arik Niger,Niger,Y,True,False,False,False,0.3,0.55,0.165,6.06060606060606,8
id:3589,3589,UE,Nasair,Eritrea,Y,False,False,False,False,0.3125,0.5625,0.1640625,6.09523809523809,9
id:9764,9764,Z2,Zest Air,Philippines,Y,True,False,False,False,0.34375,0.5625,0.1640625,6.09523809523809,14
id:5085,5085,UG,Tuninter,Tunisia,Y,True,False,False,False,0.333333333333333,0.541666666666667,0.163194444444444,6.12765957446809,11
id:125,125,FG,Ariana Afghan Airlines,Afghanistan,Y,True,False,False,False,0.318181818181818,0.545454545454545,0.161157024793388,6.20512820512821,10
id:1422,1422,PG,Bangkok Airways,Thailand,Y,True,True,False,True,0.365079365079365,0.53968253968254,0.160997732426304,6.2112676056338,28
id:3976,3976,9E,Pinnacle Airlines,United States,Y,True,False,False,False,0.369565217391304,0.521739130434783,0.160680529300567,6.22352941176471,25
id:3613,3613,CE,Nationwide Airlines,South Africa,Y,False,False,False,False,0.2,0.6,0.16,6.25,7
id:2524,2524,4G,Gazpromavia,Russia,Y,True,False,False,False,0.3,0.6,0.16,6.25,10
id:4550,4550,A4,Southern Winds Airlines,Argentina,Y,True,False,False,False,0.3,0.6,0.16,6.25,10
id:10128,10128,DH,Dennis Sky,Israel,Y,False,False,False,False,0.230769230769231,0.538461538461539,0.159763313609467,6.25925925925926,7
id:1299,1299,OR,Arkefly,Netherlands,Y,True,False,False,False,0.333333333333333,0.541666666666667,0.159722222222222,6.26086956521739,12
id:462,462,OB,Astrakhan Airlines,Russia,Y,True,False,False,False,0.25,0.607142857142857,0.158163265306122,6.32258064516129,9
id:16475,16475,YI,TUR Avrupa Hava YollarÄ±,Turkey,N,True,False,False,False,0.222222222222222,0.555555555555556,0.157750342935528,6.33913043478261,8
id:4031,4031,PW,Precision Air,Tanzania,Y,True,False,False,False,0.290322580645161,0.580645161290323,0.157127991675338,6.36423841059603,11
id:3391,3391,RI,Mandala Airlines,Indonesia,Y,False,False,False,False,0.25,0.5625,0.15625,6.4,8
id:5479,5479,SE,XL Airways France,France,Y,True,False,False,False,0.34375,0.5625,0.15625,6.4,17
id:16624,16624,TW,Tway Airlines,South Korea,Y,False,False,False,False,0.3125,0.5625,0.15625,6.4,10
id:4292,4292,WB,Rwandair Express,Rwanda,Y,True,False,False,False,0.358974358974359,0.461538461538462,0.155818540433925,6.41772151898734,18
id:2682,2682,HF,Hapagfly,Germany,Y,True,False,False,False,0.32,0.56,0.1552,6.44329896907217,12
id:4752,4752,PY,Surinam Airways,Suriname,Y,True,False,False,False,0.3,0.5,0.155,6.45161290322581,9
id:4559,4559,LX,Swiss International Air Lines,Switzerland,Y,True,True,True,True,0.365168539325843,0.50561797752809,0.15402095694988,6.49262295081967,74
id:879,879,FJ,Air Pacific,Fiji,Y,True,False,False,False,0.342105263157895,0.526315789473684,0.153739612188366,6.50450450450451,16
id:11741,11741,3S,Air Antilles Express,Guadeloupe,Y,True,False,False,False,0.291666666666667,0.583333333333333,0.152777777777778,6.54545454545455,11
id:3148,3148,Y9,Kish Air,Iran,Y,True,False,False,False,0.238095238095238,0.571428571428571,0.151927437641723,6.58208955223881,10
id:3856,3856,8P,Pacific Coastal Airline,Canada,Y,True,False,False,False,0.333333333333333,0.5,0.151111111111111,6.61764705882353,14
id:4429,4429,SP,SATA Air Acores,Portugal,Y,True,False,False,False,0.214285714285714,0.571428571428571,0.150510204081633,6.64406779661017,9
id:14118,14118,GK,Genesis,Pakistan,Y,True,False,False,False,0.285714285714286,0.535714285714286,0.150510204081633,6.64406779661017,10
id:1359,1359,BG,Biman Bangladesh Airlines,Bangladesh,Y,True,False,False,False,0.347826086956522,0.5,0.149338374291115,6.69620253164557,22
id:1539,1539,NT,Binter Canarias,Spain,Y,True,False,False,False,0.266666666666667,0.566666666666667,0.148888888888889,6.71641791044776,10
id:16415,16415,QC,Camair-co,Cameroon,Y,True,False,False,False,0.32,0.52,0.1488,6.72043010752688,13
id:4475,4475,DG,South East Asian Airlines,Philippines,Y,True,False,False,False,0.272727272727273,0.590909090909091,0.148760330578512,6.72222222222222,11
id:3734,3734,J3,Northwestern Air,Canada,Y,False,False,False,False,0.222222222222222,0.555555555555555,0.148148148148148,6.75,8
id:5133,5133,DT,TAAG Angola Airlines,Angola,Y,True,True,False,True,0.352112676056338,0.47887323943662,0.145804403888117,6.85850340136054,28
id:18944,18944,7I,Insel Air (7I/INC) (Priv),Netherlands Antilles,Y,True,False,False,False,0.333333333333333,0.511111111111111,0.145679012345679,6.86440677966102,18
id:17885,17885,4O,Interjet (ABC Aerolineas),Mexico,Y,True,True,True,True,0.357142857142857,0.482142857142857,0.145408163265306,6.87719298245614,43
id:3935,3935,KS,Peninsula Airways,United States,Y,True,False,False,False,0.321428571428571,0.5,0.145408163265306,6.87719298245614,14
id:18732,18732,OD,Malindo Air,Malaysia,Y,True,False,False,False,0.326086956521739,0.543478260869565,0.14461247637051,6.91503267973856,21
id:14485,14485,FZ,Fly Dubai,United Arab Emirates,Y,True,True,True,True,0.335616438356164,0.513698630136986,0.144023268905986,6.94332247557003,65
id:970,970,W9,Air Bagan,Myanmar,Y,True,False,False,False,0.275862068965517,0.517241379310345,0.143876337693222,6.9504132231405,11
id:18529,18529,TJ,T.J. Air,United States,Y,False,False,False,False,0.214285714285714,0.571428571428571,0.142857142857143,7,9
id:5331,5331,VX,Virgin America,United States,Y,True,True,False,True,0.287878787878788,0.545454545454545,0.142791551882461,7.0032154340836,21
id:4797,4797,IE,Solomon Airlines,Solomon Islands,Y,True,True,False,True,0.333333333333333,0.481481481481481,0.142661179698217,7.00961538461539,19
id:837,837,EI,Aer Lingus,Ireland,Y,True,True,True,True,0.36046511627907,0.465116279069767,0.142644672796106,7.01042654028436,67
id:13704,13704,KY,KSY,Greece,Y,True,True,False,True,0.34,0.48,0.1424,7.02247191011236,21
id:567,567,TX,Air Caraïbes,France,Y,True,False,False,False,0.217391304347826,0.565217391304348,0.141776937618147,7.05333333333334,10
id:10122,10122,SZ,Salzburg arrows,Austria,Y,True,False,False,False,0.270833333333333,0.541666666666667,0.141493055555556,7.06748466257669,20
id:5041,5041,VR,TACV,Portugal,Y,True,False,False,False,0.263157894736842,0.552631578947368,0.141274238227147,7.07843137254902,13
id:1954,1954,DX,DAT Danish Air Transport,Denmark,Y,False,False,False,False,0.1875,0.5625,0.140625,7.11111111111111,9
id:3661,3661,HG,Niki,Austria,Y,True,True,True,True,0.351351351351351,0.477477477477477,0.140491843194546,7.11785095320624,46
id:2058,2058,KB,Druk Air,Bhutan,Y,True,False,False,False,0.25,0.5,0.14,7.14285714285714,9
id:10675,10675,SH,Sharp Airlines,Australia,Y,False,False,False,False,0.2,0.5,0.14,7.14285714285714,8
id:4304,4304,S4,SATA International,Portugal,Y,True,False,False,False,0.257142857142857,0.571428571428571,0.139591836734694,7.16374269005848,14
id:3126,3126,KQ,Kenya Airways,Kenya,Y,True,True,True,True,0.36,0.424,0.139328,7.1773082223243,53
id:2143,2143,MS,Egyptair,Egypt,Y,True,True,True,True,0.358974358974359,0.441025641025641,0.138145956607495,7.23872073101085,80
id:4937,4937,TT,Tiger Airways Australia,Australia,Y,True,False,False,False,0.238095238095238,0.571428571428571,0.13718820861678,7.28925619834711,14
id:20004,20004,9V,Volotea Costa Rica,Costa Rica,Y,True,False,False,False,0.258064516129032,0.548387096774194,0.136316337148803,7.33587786259542,13
id:3258,3258,LN,Libyan Arab Airlines,Libya,Y,True,True,False,True,0.306451612903226,0.532258064516129,0.136316337148803,7.33587786259542,20
id:1403,1403,UP,Bahamasair,Bahamas,Y,True,True,False,True,0.327586206896552,0.482758620689655,0.13614744351962,7.34497816593886,26
id:2117,2117,T3,Eastern Airways,United Kingdom,Y,True,False,False,False,0.3,0.5,0.135555555555556,7.37704918032787,15
id:13108,13108,Q2,Maldivian,Maldives,Y,True,False,False,False,0.285714285714286,0.464285714285714,0.135204081632653,7.39622641509434,11
id:328,328,PX,Air Niugini,Papua New Guinea,Y,True,True,False,True,0.340659340659341,0.450549450549451,0.13512860765608,7.40035746201966,34
id:3233,3233,QV,Lao Airlines,Lao Peoples Democratic Republic,Y,True,False,False,False,0.285714285714286,0.547619047619048,0.134920634920635,7.41176470588235,17
id:543,543,B9,Air Bangladesh,Bangladesh,Y,True,False,False,False,0.272727272727273,0.545454545454545,0.134297520661157,7.44615384615385,14
id:1355,1355,BA,British Airways,United Kingdom,Y,True,True,True,True,0.345945945945946,0.467567567567568,0.133937180423667,7.46618673647469,174
id:2994,2994,7C,Jeju Air,Republic of Korea,Y,True,False,False,False,0.303030303030303,0.484848484848485,0.133149678604224,7.51034482758621,15
id:153,153,SW,Air Namibia,Namibia,Y,True,False,False,False,0.314285714285714,0.457142857142857,0.133061224489796,7.51533742331288,17
id:17094,17094,DN,Senegal Airlines,Senegal,Y,True,False,False,False,0.28125,0.53125,0.1328125,7.52941176470588,15
id:2353,2353,FY,Firefly,Malaysia,Y,True,False,False,False,0.275,0.525,0.1325,7.54716981132075,16
id:3378,3378,MH,Malaysia Airlines,Malaysia,Y,True,True,True,True,0.345744680851064,0.452127659574468,0.130885015844273,7.64029399048854,77
id:3652,3652,2N,NextJet,Sweden,Y,True,False,False,False,0.317073170731707,0.439024390243902,0.130279595478882,7.67579908675799,19
id:2395,2395,B5,Flightline,United Kingdom,Y,True,False,False,False,0.269230769230769,0.538461538461538,0.130177514792899,7.68181818181818,14
id:4573,4573,XQ,SunExpress,Turkey,Y,True,True,False,True,0.282828282828283,0.515151515151515,0.129884705642281,7.69913589945012,35
id:4863,4863,EQ,TAME,Ecuador,Y,True,False,False,False,0.282608695652174,0.521739130434783,0.129489603024575,7.72262773722628,20
id:9809,9809,ZE,Eastar Jet,South Korea,Y,True,False,False,False,0.272727272727273,0.5,0.128099173553719,7.80645161290323,13
id:13757,13757,WU,Wizz Air Ukraine,Ukraine,Y,True,False,False,False,0.261904761904762,0.523809523809524,0.126984126984127,7.875,18
id:28,28,OZ,Asiana Airlines,Republic of Korea,Y,True,True,True,True,0.33920704845815,0.436123348017621,0.125152826563683,7.99023104357265,97
id:476,476,FO,Airlines Of Tasmania,Australia,Y,True,False,False,False,0.205882352941176,0.529411764705882,0.124567474048443,8.02777777777778,13
id:5281,5281,HY,Uzbekistan Airways,Uzbekistan,Y,True,True,True,True,0.326666666666667,0.46,0.124266666666667,8.04721030042919,51
id:5813,5813,6T,Air Mandalay,Burma,Y,True,False,False,False,0.227272727272727,0.454545454545455,0.12396694214876,8.06666666666667,10
id:4044,4044,FE,Primaris Airlines,United States,N,False,False,False,False,0.222222222222222,0.5,0.123456790123457,8.1,11
id:1006,1006,KC,Air Astana,Kazakhstan,Y,True,True,True,True,0.258620689655172,0.517241379310345,0.123365041617122,8.10602409638554,38
id:1936,1936,CU,Cubana de Aviación,Cuba,Y,True,True,False,True,0.309090909090909,0.454545454545455,0.123305785123967,8.10991957104558,24
id:12978,12978,PN,West Air China,China,Y,True,True,False,True,0.311111111111111,0.466666666666667,0.12320987654321,8.11623246492986,35
id:3776,3776,OA,Olympic Airlines,Greece,Y,True,True,False,True,0.314814814814815,0.425925925925926,0.122770919067215,8.14525139664804,26
id:1340,1340,6R,Alrosa Mirny Air Enterprise,Russia,Y,True,False,False,False,0.2,0.466666666666667,0.122222222222222,8.18181818181818,10
id:1756,1756,CI,China Airlines,Taiwan,Y,True,True,True,True,0.331168831168831,0.428571428571429,0.121942992072862,8.20055325034578,67
code:XU,,XU,,,,True,False,False,False,0.192307692307692,0.5,0.121301775147929,8.24390243902439,11
id:1886,1886,V0,Conviasa,Venezuela,Y,True,True,False,True,0.294871794871795,0.5,0.120973044049967,8.26630434782609,32
id:3163,3163,KE,Korean Air,Republic of Korea,Y,True,True,True,True,0.330935251798561,0.446043165467626,0.120878836499146,8.27274673517448,111
id:603,603,Z8,Amaszonas,Bolivia,Y,True,False,False,False,0.25,0.5,0.12037037037037,8.30769230769231,14
id:10121,10121,IL,Illinois Airways,United States,N,True,False,False,False,0.272727272727273,0.454545454545455,0.119834710743802,8.3448275862069,14
id:2826,2826,FW,Ibex Airlines,Japan,Y,True,False,False,False,0.1875,0.5,0.119140625,8.39344262295082,11
id:338,338,TL,Airnorth,Australia,Y,True,False,False,False,0.272727272727273,0.454545454545455,0.118457300275482,8.44186046511628,16
id:2916,2916,3L,Intersky,Austria,Y,True,False,False,False,0.230769230769231,0.538461538461539,0.118343195266272,8.45,15
id:595,595,3G,Atlant-Soyuz Airlines,Russia,Y,True,False,False,False,0.2,0.466666666666667,0.117777777777778,8.49056603773585,11
id:11811,11811,UJ,AlMasria Universal Airlines,Egypt,Y,True,False,False,False,0.25,0.5,0.1171875,8.53333333333333,16
id:321,321,AM,AeroMéxico,Mexico,Y,True,True,True,True,0.322981366459627,0.409937888198758,0.115620539331044,8.64898231564898,66
id:4870,4870,TU,Tunisair,Tunisia,Y,True,True,True,True,0.308724832214765,0.449664429530201,0.115535336246115,8.65536062378168,54
id:576,576,AK,AirAsia,Malaysia,Y,True,True,True,True,0.305555555555556,0.444444444444444,0.114444444444444,8.7378640776699,58
id:20976,20976,W3,World Scale Airlines,United States,Y,True,True,False,True,0.242424242424242,0.5,0.114325068870523,8.74698795180723,25
id:3392,3392,AE,Mandarin Airlines,Taiwan,Y,True,False,False,False,0.277777777777778,0.472222222222222,0.114197530864198,8.75675675675675,20
id:3926,3926,PC,Pegasus Airlines,Turkey,Y,True,True,True,True,0.309917355371901,0.446280991735537,0.113107028208456,8.84118357487923,82
id:9818,9818,3O,Air Arabia Maroc,Morocco,Y,True,False,False,False,0.25,0.477272727272727,0.112603305785124,8.88073394495413,18
id:2420,2420,F7,Flybaboo,Switzerland,Y,True,False,False,False,0.264705882352941,0.470588235294118,0.112456747404844,8.89230769230769,18
id:412,412,AR,Aerolineas Argentinas,Argentina,Y,True,True,True,True,0.259615384615385,0.480769230769231,0.112056213017752,8.92409240924092,40
id:2468,2468,F9,Frontier Airlines,United States,Y,True,True,True,True,0.3125,0.416666666666667,0.111545138888889,8.96498054474709,70
code:HS,,HS,,,,False,False,False,False,0.166666666666667,0.388888888888889,0.111111111111111,9,10
id:2684,2684,HQ,Harmony Airways,Canada,N,True,True,False,True,0.295454545454545,0.454545454545455,0.110537190082645,9.04672897196262,39
id:137,137,AF,Air France,France,Y,True,True,True,True,0.32,0.413333333333333,0.110311111111111,9.06526994359387,170
code:P6,,P6,,,,True,False,False,False,0.184210526315789,0.447368421052632,0.109418282548476,9.13924050632912,12
id:1066,1066,MD,Air Madagascar,Madagascar,Y,True,True,False,True,0.27536231884058,0.434782608695652,0.109010712035287,9.17341040462428,22
id:5333,5333,TV,Virgin Express,Belgium,Y,True,False,False,False,0.214285714285714,0.5,0.108843537414966,9.1875,19
id:19305,19305,QG,Citilink Indonesia,Indonesia,Y,True,True,False,True,0.224137931034483,0.482758620689655,0.108799048751486,9.19125683060109,21
id:5347,5347,VS,Virgin Atlantic Airways,United Kingdom,Y,True,True,False,True,0.28169014084507,0.450704225352113,0.108510216226939,9.21572212065814,35
id:3754,3754,XY,Nas Air,Saudi Arabia,Y,True,True,True,True,0.245098039215686,0.5,0.108227604767397,9.23978685612789,29
id:4248,4248,AT,Royal Air Maroc,Morocco,Y,True,True,True,True,0.311965811965812,0.405982905982906,0.108116005551903,9.24932432432432,82
id:3320,3320,LH,Lufthansa,Germany,Y,True,True,True,True,0.282051282051282,0.47534516765286,0.107835471058047,9.27338648580396,169
id:1683,1683,5J,Cebu Pacific,Philippines,Y,True,True,True,True,0.277173913043478,0.46195652173913,0.107100661625709,9.33701047986762,56
id:16725,16725,Y8,Marusya Airways,Russia,Y,True,False,False,False,0.233333333333333,0.433333333333333,0.106666666666667,9.375,14
id:1909,1909,XK,Corse-Mediterranee,France,Y,True,False,False,False,0.166666666666667,0.452380952380952,0.106575963718821,9.38297872340426,13
id:2193,2193,EU,Empresa Ecuatoriana De Aviacion,Ecuador,Y,True,True,False,True,0.289473684210526,0.407894736842105,0.105609418282548,9.46885245901639,31
id:345,345,NZ,Air New Zealand,New Zealand,Y,True,True,False,True,0.275,0.4375,0.105,9.52380952380952,30
id:96,96,A3,Aegean Airlines,Greece,Y,True,True,True,True,0.295774647887324,0.436619718309859,0.104763164275166,9.54533978539869,74
id:9541,9541,TM,Air Mozambique,Mozambique,Y,True,True,False,True,0.185185185185185,0.407407407407407,0.104252400548697,9.59210526315789,14
id:1663,1663,BW,Caribbean Airlines,Trinidad and Tobago,Y,True,True,False,True,0.21875,0.46875,0.10302734375,9.70616113744076,19
id:4691,4691,9R,SATENA,Colombia,Y,True,True,False,True,0.279411764705882,0.411764705882353,0.102508650519031,9.75527426160338,30
id:4822,4822,S5,Shuttle America,United States,Y,False,False,False,False,0.214285714285714,0.357142857142857,0.102040816326531,9.8,12
id:55,55,8V,Astral Aviation,Kenya,Y,True,False,False,False,0.214285714285714,0.428571428571429,0.102040816326531,9.8,14
id:130,130,SU,Aeroflot Russian Airlines,Russia,Y,True,True,True,True,0.28125,0.441964285714286,0.101911272321429,9.81245722108145,148
id:502,502,MO,Abu Dhabi Amiri Flight,United Arab Emirates,Y,True,False,False,False,0.191489361702128,0.446808510638298,0.100950656405613,9.90582959641256,14
id:2857,2857,QZ,Indonesia AirAsia,Indonesia,Y,True,True,False,True,0.161290322580645,0.451612903225806,0.100416233090531,9.95854922279793,17
id:9082,9082,B7,Uni Air,Taiwan,Y,True,False,False,False,0.205882352941176,0.470588235294118,0.100346020761246,9.96551724137931,19
id:16942,16942,L6,Mauritania Airlines International,Mauritania,Y,True,False,False,False,0.166666666666667,0.4,0.1,10,13
id:2350,2350,AY,Finnair,Finland,Y,True,True,True,True,0.281609195402299,0.436781609195402,0.0999471528603514,10.0052875082617,75
id:4740,4740,BC,Skymark Airlines,Japan,Y,True,True,False,True,0.137931034482759,0.413793103448276,0.0975029726516052,10.2560975609756,14
id:3740,3740,BJ,Nouvel Air Tunisie,Tunisia,Y,True,False,False,False,0.171428571428571,0.428571428571429,0.0971428571428571,10.2941176470588,15
id:90,90,UX,Air Europa,Spain,Y,True,True,True,True,0.283687943262411,0.375886524822695,0.0969267139479905,10.3170731707317,53
id:2987,2987,JL,Japan Airlines,Japan,Y,True,True,True,True,0.231182795698925,0.462365591397849,0.0968898138513123,10.3210023866348,72
id:4329,4329,S7,S7 Airlines,Russia,Y,True,True,True,True,0.28099173553719,0.417355371900826,0.0964073492247797,10.3726532058094,89
id:2607,2607,ZK,Great Lakes Airlines,United States,Y,True,True,False,True,0.264150943396226,0.377358490566038,0.0957636169455322,10.4423791821561,26
id:1287,1287,R3,Aircompany Yakutia,Russia,Y,True,True,False,True,0.219178082191781,0.452054794520548,0.0951398010883843,10.5108481262327,34
id:4965,4965,T7,Twin Jet,France,Y,True,False,False,False,0.181818181818182,0.363636363636364,0.0950413223140496,10.5217391304348,13
id:21,21,ZI,Aigle Azur,France,Y,True,True,False,True,0.21875,0.421875,0.0947265625,10.5567010309278,21
id:13088,13088,Y7,NordStar Airlines,Russia,Y,True,True,False,True,0.243243243243243,0.432432432432432,0.0942293644996348,10.6124031007752,30
id:4737,4737,H2,Sky Airline,Chile,Y,True,False,False,False,0.204081632653061,0.36734693877551,0.092877967513536,10.7668161434978,16
id:4609,4609,FM,Shanghai Airlines,China,Y,True,True,True,True,0.217877094972067,0.446927374301676,0.0925376860896976,10.8064080944351,72
id:5309,5309,VN,Vietnam Airlines,Vietnam,Y,True,True,True,True,0.203125,0.479166666666667,0.0921766493055556,10.8487345497351,50
id:3081,3081,HO,Juneyao Airlines,China,Y,True,True,True,True,0.23448275862069,0.43448275862069,0.0916527942925089,10.9107420861443,53
id:4840,4840,DV,Scat Air,Kazakhstan,Y,True,True,False,True,0.192307692307692,0.461538461538462,0.0910585141354372,10.9819494584838,26
id:2575,2575,G8,Go Air,India,Y,True,True,False,True,0.194805194805195,0.441558441558442,0.0909090909090909,11,21
id:1925,1925,OU,Croatia Airlines,Croatia,Y,True,True,True,True,0.196078431372549,0.470588235294118,0.0903498654363706,11.068085106383,30
id:2220,2220,ET,Ethiopian Airlines,Ethiopia,Y,True,True,True,True,0.287037037037037,0.342592592592593,0.0901920438957476,11.0874524714829,94
id:4533,4533,SV,Saudi Arabian Airlines,Saudi Arabia,Y,True,True,True,True,0.221311475409836,0.469945355191257,0.0901788647018424,11.0890728476821,88
id:9828,9828,YC,Ciel Canadien,Canada,Y,True,True,False,True,0.145161290322581,0.387096774193548,0.0900104058272632,11.1098265895954,18
id:1463,1463,BV,Blue Panorama Airlines,Italy,Y,True,False,False,False,0.183673469387755,0.428571428571429,0.0895460224906289,11.1674418604651,21
id:2245,2245,K2,Eurolot,Poland,Y,True,False,False,False,0.194444444444444,0.388888888888889,0.0895061728395062,11.1724137931034,17
id:410,410,2B,Aerocondor,Portugal,Y,True,False,False,False,0.175,0.4,0.08875,11.2676056338028,16
id:10646,10646,VB,Birmingham European,United Kingdom,N,True,True,True,True,0.205882352941176,0.431372549019608,0.0878508266051519,11.382932166302,26
id:5067,5067,UN,Transaero Airlines,Russia,Y,True,True,True,True,0.223404255319149,0.432624113475177,0.0877219455761783,11.3996559633028,100
id:18553,18553,W2,Maastricht Airlines,Netherlands,Y,False,False,False,False,0.166666666666667,0.388888888888889,0.0864197530864197,11.5714285714286,14
id:3000,3000,9W,Jet Airways,India,Y,True,True,True,True,0.229299363057325,0.426751592356688,0.0858046979593493,11.6543735224586,49
code:YN,,YN,,,,True,False,False,False,0.166666666666667,0.361111111111111,0.0848765432098765,11.7818181818182,15
id:1434,1434,JV,Bearskin Lake Air Service,Canada,Y,True,False,False,False,0.128205128205128,0.333333333333333,0.0848126232741617,11.7906976744186,14
id:3574,3574,NHG,NHT Lineas Aereas,Brazil,N,True,False,False,False,0.129032258064516,0.354838709677419,0.0842872008324662,11.8641975308642,15
id:1308,1308,CG,Airlines PNG,Papua New Guinea,Y,True,True,False,True,0.178082191780822,0.410958904109589,0.0842559579658473,11.8685968819599,20
id:240,240,AP,Air One,Italy,Y,True,True,False,True,0.197368421052632,0.407894736842105,0.0841412742382271,11.8847736625514,24
id:16508,16508,BU,Baikotovitchestrian Airlines ,American Samoa,Y,True,False,False,False,0.195121951219512,0.365853658536585,0.0838786436644854,11.9219858156028,18
id:1623,1623,5T,Canadian North,Canada,Y,True,False,False,False,0.159090909090909,0.386363636363636,0.0836776859504132,11.9506172839506,18
id:2822,2822,IB,Iberia Airlines,Spain,Y,True,True,True,True,0.265536723163842,0.367231638418079,0.0836605062402247,11.9530713468142,77
id:794,794,AH,Air Algerie,Algeria,Y,True,True,True,True,0.252212389380531,0.380530973451327,0.0836400657843214,11.9559925093633,63
id:4311,4311,NL,Shaheen Air International,Pakistan,Y,True,True,False,True,0.15625,0.390625,0.08349609375,11.9766081871345,19
code:PB,,PB,,,,True,False,False,False,0.173913043478261,0.391304347826087,0.0831758034026465,12.0227272727273,18
id:312,312,BM,Air Sicilia,Italy,Y,True,False,False,False,0.176470588235294,0.411764705882353,0.0830449826989619,12.0416666666667,20
id:5399,5399,WJ,WebJet Linhas A,Brazil,Y,True,False,False,False,0.115384615384615,0.346153846153846,0.0828402366863905,12.0714285714286,14
id:5039,5039,HV,Transavia Holland,Netherlands,Y,True,True,True,True,0.231759656652361,0.44206008583691,0.0812135054983514,12.3132229530506,80
id:330,330,AC,Air Canada,Canada,Y,True,True,True,True,0.236760124610592,0.423676012461059,0.0809095408623752,12.3594818279957,102
id:3251,3251,LI,Leeward Islands Air Transport,Antigua and Barbuda,Y,True,True,False,True,0.145161290322581,0.370967741935484,0.0806451612903226,12.4,19
id:1317,1317,TS,Air Transat,Canada,Y,True,True,True,True,0.196261682242991,0.411214953271028,0.0802690191283081,12.4581066376496,36
id:5038,5038,GE,TransAsia Airways,Taiwan,Y,True,True,False,True,0.2,0.422222222222222,0.0802469135802469,12.4615384615385,34
id:692,692,VT,Air Tahiti,French Polynesia,Y,True,True,False,True,0.225806451612903,0.354838709677419,0.079431148109608,12.589519650655,28
id:596,596,AZ,Alitalia,Italy,Y,True,True,True,True,0.256880733944954,0.370030581039755,0.0793704233650367,12.5991516436903,117
id:3764,3764,O6,Oceanair,Brazil,Y,True,True,True,True,0.182692307692308,0.394230769230769,0.0791420118343195,12.6355140186916,24
id:16136,16136,NS,Caucasus Airlines,Georgia,Y,True,True,False,True,0.209677419354839,0.387096774193548,0.0790842872008325,12.6447368421053,29
id:1729,1729,2Z,Changan Airlines,China,N,True,False,False,False,0.152173913043478,0.369565217391304,0.0775047258979206,12.9024390243902,19
code:9M,,9M,,,,True,False,False,False,0.152173913043478,0.369565217391304,0.0775047258979206,12.9024390243902,18
id:4454,4454,SJ,Sriwijaya Air,Indonesia,Y,True,True,True,True,0.19811320754717,0.405660377358491,0.077251690993236,12.9447004608295,38
id:1316,1316,FL,AirTran Airways,United States,Y,True,True,True,True,0.236686390532544,0.366863905325444,0.0771331536010644,12.9645937358148,49
id:3200,3200,LA,LAN Airlines,Chile,Y,True,True,True,True,0.232,0.384,0.07712,12.9668049792531,49
id:569,569,IX,Air India Express,India,Y,True,True,False,True,0.157894736842105,0.342105263157895,0.0765235457063712,13.0678733031674,21
id:2439,2439,VY,Formosa Airlines,Taiwan,Y,True,True,True,True,0.247395833333333,0.341145833333333,0.0758327907986111,13.1869075299589,100
id:5188,5188,8R,TRIP Linhas A,Brazil,Y,True,False,False,False,0.114285714285714,0.314285714285714,0.0742857142857143,13.4615384615385,16
id:5496,5496,IY,Yemenia,Yemen,Y,True,True,False,True,0.186813186813187,0.362637362637363,0.0737833594976452,13.5531914893617,27
id:1469,1469,7R,BRA-Transportes Aereos,Brazil,N,True,True,False,True,0.180555555555556,0.402777777777778,0.0733024691358025,13.6421052631579,32
id:524,524,NF,Air Vanuatu,Vanuatu,Y,True,True,False,True,0.2,0.366666666666667,0.0730864197530864,13.6824324324324,31
id:2942,2942,8L,Cargo Plus Aviation,United Arab Emirates,Y,True,True,True,True,0.223076923076923,0.361538461538462,0.0727810650887574,13.739837398374,45
id:1492,1492,GQ,Big Sky Airlines,United States,N,True,False,False,False,0.138888888888889,0.305555555555556,0.0725308641975309,13.7872340425532,18
id:4089,4089,QF,Qantas,Australia,Y,True,True,True,True,0.177142857142857,0.4,0.0714775510204081,13.9904065783463,48
id:515,515,AV,Avianca - Aerovias Nacionales de Colombia,AVIANCA,Y,True,True,True,True,0.205761316872428,0.386831275720165,0.0712120442344494,14.0425683709869,69
id:921,921,GL,Air Greenland,Denmark,Y,True,True,False,True,0.125,0.339285714285714,0.0701530612244898,14.2545454545455,21
id:20710,20710,3M,Silver Airways (3M),United States,Y,True,True,False,True,0.149253731343284,0.358208955223881,0.0697259968812653,14.3418530351438,25
id:4319,4319,SK,Scandinavian Airlines System,Sweden,Y,True,True,True,True,0.17037037037037,0.434567901234568,0.0692882182594117,14.4324681038275,104
id:1472,1472,8E,Bering Air,United States,Y,True,True,False,True,0.153846153846154,0.353846153846154,0.0688757396449704,14.5189003436426,27
id:386,386,GV,Aero Flight,Germany,Y,True,False,False,False,0.115384615384615,0.346153846153846,0.0680473372781065,14.695652173913,19
id:5325,5325,Y4,Volaris,Mexico,Y,True,True,True,True,0.147208121827411,0.395939086294416,0.0677935530418202,14.7506651463322,47
id:3052,3052,JQ,Jetstar Airways,Australia,Y,True,True,True,True,0.141104294478528,0.361963190184049,0.067409386879446,14.8347292015634,33
id:2520,2520,GA,Garuda Indonesia,Indonesia,Y,True,True,True,True,0.200892857142857,0.375,0.0674027423469388,14.836191602602,66
id:5360,5360,VA,Virgin Australia,Australia,Y,True,True,False,True,0.178082191780822,0.342465753424658,0.0673672358791518,14.8440111420613,31
id:4178,4178,ZL,Regional Express,Australia,Y,True,True,False,True,0.193181818181818,0.363636363636364,0.0671487603305785,14.8923076923077,35
code:WT,,WT,,,,True,True,False,True,0.186666666666667,0.306666666666667,0.0666666666666667,15,26
id:3290,3290,JT,Lion Mentari Airlines,Indonesia,Y,True,True,True,True,0.178571428571429,0.345238095238095,0.066609977324263,15.0127659574468,38
id:4026,4026,BK,Potomac Air,United States,Y,True,True,True,True,0.169811320754717,0.358490566037736,0.0656817372730509,15.2249322493225,38
id:15999,15999,9C,China SSS,China,Y,True,True,True,True,0.167741935483871,0.380645161290323,0.0648907388137357,15.410519563823,51
id:2923,2923,EP,Iran Aseman Airlines,Iran,Y,True,True,True,True,0.153846153846154,0.378698224852071,0.0645985784811457,15.480216802168,47
id:15837,15837,G5,Huaxia,China,Y,True,True,False,True,0.188888888888889,0.366666666666667,0.0644444444444444,15.5172413793103,38
id:5013,5013,TOM,Thomsonfly,United Kingdom,Y,True,True,True,True,0.136690647482014,0.338129496402878,0.0634025153977538,15.7722448979592,34
id:4375,4375,SG,Spicejet,India,Y,True,True,True,True,0.160493827160494,0.339506172839506,0.0622618503276939,16.0611995104039,44
id:324,324,NH,All Nippon Airways,Japan,Y,True,True,True,True,0.178451178451178,0.343434343434343,0.0606400707410809,16.4907459338194,83
id:4687,4687,NK,Spirit Airlines,United States,Y,True,True,True,True,0.173553719008264,0.326446280991736,0.0604125401270405,16.5528547201809,54
id:5416,5416,WS,WestJet,Canada,Y,True,True,True,True,0.157377049180328,0.360655737704918,0.0599946251007794,16.6681598279878,76
id:4897,4897,TCX,Thomas Cook Airlines,United Kingdom,Y,True,True,True,True,0.128,0.28,0.059968,16.675560298826,25
id:218,218,AI,Air India Limited,India,Y,True,True,True,True,0.189542483660131,0.356209150326797,0.0595283865180059,16.7987082884822,89
id:2850,2850,6E,IndiGo Airlines,India,Y,True,True,True,True,0.130653266331658,0.331658291457286,0.0588116461705512,17.0034349506226,35
id:2951,2951,IOS,Isles of Scilly Skybus,United Kingdom,N,True,True,False,True,0.138888888888889,0.333333333333333,0.058641975308642,17.0526315789474,32
id:220,220,ZB,Air Bourbon,Reunion,Y,True,True,True,True,0.119047619047619,0.342857142857143,0.058140589569161,17.1996879875195,37
code:3H,,3H,,,,True,True,False,True,0.125,0.28125,0.05810546875,17.2100840336134,22
id:3463,3463,IG,Meridiana,Italy,Y,True,True,True,True,0.1,0.3,0.0576,17.3611111111111,31
id:10765,10765,K5,SeaPort Airlines,United States,Y,True,False,False,False,0.102564102564103,0.256410256410256,0.0571992110453649,17.4827586206897,21
id:3871,3871,PK,Pakistan International Airlines,Pakistan,Y,True,True,True,True,0.12396694214876,0.359504132231405,0.0566559661225326,17.6503918022905,53
id:753,753,Q6,Aero Condor Peru,Peru,Y,True,True,False,True,0.155172413793103,0.275862068965517,0.0564803804994055,17.7052631578947,26
id:20577,20577,V7,VOLOTEA Airways,Spain,Y,True,True,True,True,0.132352941176471,0.308823529411765,0.055795847750865,17.922480620155,38
id:2922,2922,IR,Iran Air,Iran,Y,True,True,True,True,0.120879120879121,0.32967032967033,0.0550658133075715,18.1600877192982,52
id:3029,3029,B6,JetBlue Airways,United States,Y,True,True,True,True,0.160401002506266,0.345864661654135,0.0549933731572038,18.1840091376356,86
id:2354,2354,7F,First Air,Canada,Y,True,True,False,True,0.125,0.333333333333333,0.0547839506172839,18.2535211267606,32
id:4867,4867,JJ,TAM Brazilian Airlines,Brazil,Y,True,True,True,True,0.154098360655738,0.327868852459016,0.0542542327331362,18.4317416286903,63
id:1203,1203,A5,Airlinair,France,Y,True,True,True,True,0.148648648648649,0.304054054054054,0.0536888239590942,18.6258503401361,44
id:439,439,AS,Alaska Airlines,ALASKA,Y,True,True,True,True,0.172268907563025,0.315126050420168,0.0524680460419462,19.0592193808883,68
id:1629,1629,9K,Cape Air,United States,Y,True,True,False,True,0.130952380952381,0.30952380952381,0.052437641723356,19.0702702702703,39
id:15814,15814,UR,UTair-Express,Russia,Y,True,True,False,True,0.0945945945945946,0.256756756756757,0.0518626734842951,19.2816901408451,28
id:2548,2548,4U,Germanwings,Germany,Y,True,True,True,True,0.140425531914894,0.321276595744681,0.0510819375282933,19.5763913505849,104
id:35,35,G4,Allegiant Air,United States,Y,True,True,True,True,0.124338624338624,0.325396825396825,0.0497186528932561,20.1131756756757,94
id:3026,3026,LS,Jet2.com,United Kingdom,Y,True,True,True,True,0.115894039735099,0.294701986754967,0.0483531424060348,20.681179138322,46
id:5234,5234,U6,Ural Airlines,Russia,Y,True,True,True,True,0.129310344827586,0.297413793103448,0.0481569560047563,20.7654320987654,60
id:2421,2421,BE,Flybe,United Kingdom,Y,True,True,True,True,0.103286384976526,0.28169014084507,0.0473671449668276,21.1116798510935,60
id:2547,2547,ST,Germania,Germany,Y,True,True,False,True,0.114583333333333,0.28125,0.0457899305555556,21.8388625592417,41
id:2681,2681,X3,TUIfly,Germany,Y,True,True,True,True,0.0752212389380531,0.221238938053097,0.0450309342939933,22.2069565217391,31
id:1868,1868,DE,Condor Flugdienst,Germany,Y,True,True,True,True,0.135048231511254,0.260450160771704,0.0444681093040808,22.4880260404557,59
id:1790,1790,G3,City Connexion Airlines,Burundi,Y,True,True,True,True,0.120481927710843,0.27710843373494,0.0432573668166642,23.1174496644295,68
id:751,751,CA,Air China,China,Y,True,True,True,True,0.16452442159383,0.282776349614396,0.0432028601449898,23.1466156787763,166
id:3737,3737,DY,Norwegian Air Shuttle,Norway,Y,True,True,True,True,0.128623188405797,0.277173913043478,0.041896397815585,23.8684004386652,97
id:5484,5484,MF,Xiamen Airlines,China,Y,True,True,True,True,0.119170984455959,0.287564766839378,0.0418937421138823,23.8699134892663,63
id:4608,4608,3U,Sichuan Airlines,China,Y,True,True,True,True,0.139175257731959,0.278350515463918,0.0411706876394941,24.2891255243627,84
id:4599,4599,SC,Shandong Airlines,China,Y,True,True,True,True,0.109677419354839,0.274193548387097,0.0408740894901145,24.4653767820774,59
id:2009,2009,DL,Delta Air Lines,United States,Y,True,True,True,True,0.146596858638743,0.286212914485166,0.0403619540156367,24.7758074252943,226
id:6557,6557,JD,Japan Air System,Japan,Y,True,True,True,True,0.0794392523364486,0.219626168224299,0.0385186479168486,25.9614512471655,49
id:5209,5209,UA,United Airlines,United States,Y,True,True,True,True,0.102762430939227,0.264088397790055,0.0377314489789689,26.5030903148562,183
id:4611,4611,ZH,Shenzhen Airlines,China,Y,True,True,True,True,0.123425692695214,0.229219143576826,0.0376310997468419,26.5737649637498,67
id:5265,5265,US,US Airways,United States,Y,True,True,True,True,0.107192254495159,0.26210235131397,0.0349129281138028,28.6426849315068,268
id:13983,13983,AD,Azul,Brazil,Y,True,True,True,True,0.127877237851662,0.235294117647059,0.0348048482152786,28.7316293929712,101
id:24,24,AA,American Airlines,United States,Y,True,True,True,True,0.0885375494071146,0.252173913043478,0.034378290552891,29.0881246250886,251
id:214,214,AB,Air Berlin,Germany,Y,True,True,True,True,0.0997067448680352,0.247800586510264,0.0342704311108436,29.1796737766625,116
id:5439,5439,WF,Widerøe,Norway,Y,True,True,True,True,0.0731707317073171,0.204878048780488,0.0333372992266508,29.9964311206281,47
id:8745,8745,TO,Transavia France,France,Y,True,True,True,True,0.0881147540983607,0.229508196721311,0.0314347621607095,31.8119155757414,80
id:2660,2660,HU,Hainan Airlines,China,Y,True,True,True,True,0.108986615678776,0.202676864244742,0.0307572506023127,32.5126589801498,100
id:5461,5461,W6,Wizz Air,Hungary,Y,True,True,True,True,0.0596026490066225,0.169977924944812,0.0272746322042406,36.6641057709487,80
id:690,690,GS,Air Foyle,United Kingdom,Y,True,True,True,True,0.0754189944134078,0.189944134078212,0.0267625854374083,37.3655976676385,92
id:1758,1758,MU,China Eastern Airlines,China,Y,True,True,True,True,0.0921305182341651,0.207293666026871,0.0260277555711923,38.4205237084218,189
id:4547,4547,WN,Southwest Airlines,United States,Y,True,True,True,True,0.0564663023679417,0.157559198542805,0.0249219478369349,40.1252745789789,88
id:2297,2297,U2,easyJet,United Kingdom,Y,True,True,True,True,0.0893805309734513,0.174336283185841,0.0244294776411622,40.9341540039751,128
id:1767,1767,CZ,China Southern Airlines,China,Y,True,True,True,True,0.0909090909090909,0.168831168831169,0.0239329461123292,41.7834058250289,183
id:4296,4296,FR,Ryanair,Ireland,Y,True,True,True,True,0.0499194847020934,0.110708534621578,0.0136918144077004,73.0363391018205,176
