airline_key,airline_id,airline_code,airline_name,airline_country,airline_active,comparison_threshold_20,comparison_threshold_50,comparison_threshold_100,dashboard_default_eligible,mean_route_distance_km,median_route_distance_km,p90_route_distance_km,valid_distance_route_presences,invalid_or_missing_distance_route_presences,domestic_route_presence_share,international_route_presence_share,distinct_country_count,origin_country_count,destination_country_count
id:4951,4951,TK,Turkish Airlines,Turkey,Y,True,True,True,True,2327.80310305315,1741.88931226234,4834.63778478596,534,0,0.159176029962547,0.840823970037453,104,104,103
id:137,137,AF,Air France,France,Y,True,True,True,True,3097.72864392283,1277.92074940036,8756.31386089601,450,0,0.188888888888889,0.811111111111111,91,91,90
id:1355,1355,BA,British Airways,United Kingdom,Y,True,True,True,True,3566.65053429072,1989.56267954268,8462.89690140215,370,0,0.0513513513513514,0.948648648648649,82,82,82
id:2183,2183,EK,Emirates,United Arab Emirates,Y,True,True,True,True,4909.3201014105,4783.89398358026,11001.5297120982,269,0,0,1,74,74,74
id:3320,3320,LH,Lufthansa,Germany,Y,True,True,True,True,2985.46704192178,1406.9130797673,8499.60994945191,507,0,0.0946745562130177,0.905325443786982,73,72,72
id:4091,4091,QR,Qatar Airways,Qatar,Y,True,True,True,True,3710.90334621932,3265.45782803642,7209.028849574,251,0,0.0199203187250996,0.9800796812749,71,71,70
id:24,24,AA,American Airlines,United States,Y,True,True,True,True,2642.22195090159,1861.85200302288,6464.08431486532,1265,0,0.584189723320158,0.415810276679842,64,64,64
id:3090,3090,KL,KLM Royal Dutch Airlines,Netherlands,Y,True,True,True,True,4518.87108036197,4704.77304482218,9317.20256992833,210,0,0.0142857142857143,0.985714285714286,64,63,64
id:2220,2220,ET,Ethiopian Airlines,Ethiopia,Y,True,True,True,True,2534.0525217652,1549.99578619511,6033.04934479461,216,0,0.185185185185185,0.814814814814815,61,61,60
id:5209,5209,UA,United Airlines,United States,Y,True,True,True,True,3366.02506401101,2567.64896630425,7269.5630468349,905,0,0.514917127071823,0.485082872928177,61,61,61
id:596,596,AZ,Alitalia,Italy,Y,True,True,True,True,2018.64530134019,1039.45396537613,6092.35698081838,327,0,0.262996941896024,0.737003058103975,60,58,59
id:2009,2009,DL,Delta Air Lines,United States,Y,True,True,True,True,2629.81919811815,1802.62181743105,6684.8992561756,1146,0,0.643106457242583,0.356893542757417,60,60,60
id:5265,5265,US,US Airways,United States,Y,True,True,True,True,2404.84840925949,1600.67231304149,6184.4596229507,1446,0,0.647994467496542,0.352005532503458,59,59,59
id:130,130,SU,Aeroflot Russian Airlines,Russia,Y,True,True,True,True,2540.85756547302,2061.9773010252,4977.15928877178,448,0,0.352678571428571,0.647321428571429,56,56,56
id:2222,2222,EY,Etihad Airways,United Arab Emirates,Y,True,True,True,True,4101.61332950193,3288.07856135869,6940.1504702075,174,0,0.0114942528735632,0.988505747126437,55,55,55
id:2143,2143,MS,Egyptair,Egypt,Y,True,True,True,True,2368.73571968956,1843.67494583983,4120.48189635126,195,0,0.128205128205128,0.871794871794872,52,52,52
id:4248,4248,AT,Royal Air Maroc,Morocco,Y,True,True,True,True,1989.51595665316,1881.24759909687,3811.80655709057,234,0,0.106837606837607,0.893162393162393,47,47,47
id:330,330,AC,Air Canada,Canada,Y,True,True,True,True,3692.00749646542,2993.09229849923,7578.59475337638,321,0,0.224299065420561,0.775700934579439,43,42,41
id:3163,3163,KE,Korean Air,Republic of Korea,Y,True,True,True,True,3485.14110663274,1639.79109197915,9001.47947647077,278,0,0.143884892086331,0.856115107913669,43,42,43
id:3126,3126,KQ,Kenya Airways,Kenya,Y,True,True,True,True,2197.70121075544,1587.82181302006,5186.42275430266,125,0,0.08,0.92,40,40,40
id:4940,4940,TG,Thai Airways International,Thailand,Y,True,True,True,True,3817.50160127432,2491.50406902219,8999.48028642175,162,0,0.135802469135802,0.864197530864198,40,40,40
id:1767,1767,CZ,China Southern Airlines,China,Y,True,True,True,True,1410.99419202238,1127.79301426633,2314.33189343658,1214,18,0.787479406919275,0.212520593080725,39,39,39
id:4559,4559,LX,Swiss International Air Lines,Switzerland,Y,True,True,True,True,2702.45337161601,1237.31959877159,8602.69263162327,178,0,0.0112359550561798,0.98876404494382,39,39,39
id:751,751,CA,Air China,China,Y,True,True,True,True,1958.19634499541,1291.36279412065,3658.37375996075,764,14,0.683246073298429,0.316753926701571,38,38,38
id:4533,4533,SV,Saudi Arabian Airlines,Saudi Arabia,Y,True,True,True,True,2624.92921465251,1622.44010294928,5445.6963934925,366,0,0.316939890710383,0.683060109289617,37,37,37
id:4259,4259,RJ,Royal Jordanian,Jordan,Y,True,True,True,True,2378.69421756758,1993.89014470915,3944.68296034512,112,0,0.0357142857142857,0.964285714285714,36,36,36
id:1531,1531,SN,Brussels Airlines,Belgium,Y,True,True,True,True,1859.64145392858,1048.16228733587,5237.38961564184,138,0,0.0144927536231884,0.985507246376812,36,36,36
id:4435,4435,SQ,Singapore Airlines,Singapore,Y,True,True,True,True,5285.40181052253,4574.04831587541,10302.9868397353,132,0,0.0454545454545455,0.954545454545455,36,36,36
id:5067,5067,UN,Transaero Airlines,Russia,Y,True,True,True,True,3406.75394560572,2612.3781580961,7404.4583714506,282,0,0.283687943262411,0.716312056737589,36,36,36
id:214,214,AB,Air Berlin,Germany,Y,True,True,True,True,1897.63132209649,1530.69660577845,3345.82177334185,682,0,0.095307917888563,0.904692082111437,35,35,35
id:1680,1680,CX,Cathay Pacific,Hong Kong SAR of China,Y,True,True,True,True,3825.75601658256,2475.6349650754,9357.36685167254,203,0,0.00985221674876847,0.990147783251232,35,35,35
id:14485,14485,FZ,Fly Dubai,United Arab Emirates,Y,True,True,True,True,2069.82538037332,1958.13641371754,3399.38832959178,146,0,0.00684931506849315,0.993150684931507,35,35,35
id:3378,3378,MH,Malaysia Airlines,Malaysia,Y,True,True,True,True,3473.44262381528,2620.70855966227,8258.18753035714,188,0,0.25,0.75,35,33,35
id:2297,2297,U2,easyJet,United Kingdom,Y,True,True,True,True,1400.20916774083,1215.22879239278,2713.93099543077,1130,0,0.12212389380531,0.87787610619469,35,35,35
id:3737,3737,DY,Norwegian Air Shuttle,Norway,Y,True,True,True,True,1800.69511545859,1761.98793826197,3120.25358147051,552,0,0.108695652173913,0.891304347826087,34,34,34
id:2822,2822,IB,Iberia Airlines,Spain,Y,True,True,True,True,2858.22702017038,1315.61438134219,8377.59704148994,177,0,0.186440677966102,0.813559322033898,34,34,34
id:4869,4869,TP,TAP Portugal,Portugal,Y,True,True,True,True,3232.86937951537,2305.4260944945,7366.32685197131,156,0,0.115384615384615,0.884615384615385,34,34,33
id:3210,3210,LO,LOT Polish Airlines,Poland,Y,True,True,False,True,1515.12594468262,965.030476029399,2389.71214965175,96,0,0.125,0.875,33,33,33
id:1758,1758,MU,China Eastern Airlines,China,Y,True,True,True,True,1351.03279441212,1057.83142100003,1924.63782384874,1024,18,0.74609375,0.25390625,33,33,33
id:5461,5461,W6,Wizz Air,Hungary,Y,True,True,True,True,1393.22397318195,1288.77668674624,2048.28885222925,453,0,0,1,33,33,33
id:2350,2350,AY,Finnair,Finland,Y,True,True,True,True,4677.27479375145,5567.07603622262,7954.07931749203,174,0,0.0747126436781609,0.925287356321839,32,31,32
id:3926,3926,PC,Pegasus Airlines,Turkey,Y,True,True,True,True,1357.07950778828,1065.71741439819,2518.43667328982,242,0,0.380165289256198,0.619834710743802,32,32,32
id:333,333,BT,Air Baltic,Latvia,Y,True,True,True,True,1513.30197285236,1168.08334218962,2617.61793988225,108,0,0,1,31,31,31
id:28,28,OZ,Asiana Airlines,Republic of Korea,Y,True,True,True,True,2384.01177895891,1256.85101658,7352.76446439981,227,0,0.118942731277533,0.881057268722467,31,31,31
id:4305,4305,SA,South African Airways,South Africa,Y,True,True,False,True,3522.09882469738,2490.26046552616,8444.3517733566,91,0,0.197802197802198,0.802197802197802,31,31,30
id:4319,4319,SK,Scandinavian Airlines System,Sweden,Y,True,True,True,True,1613.8636262952,1124.02252188307,2711.29661406483,405,0,0.195061728395062,0.804938271604938,31,31,31
id:1478,1478,B2,Belavia Belarusian Airlines,Belarus,Y,True,True,False,True,1554.42024513904,1605.28847682282,2515.6203499488,80,0,0,1,29,29,29
id:1868,1868,DE,Condor Flugdienst,Germany,Y,True,True,True,True,3172.34942463324,2481.17948822146,7561.58410164109,311,0,0.00643086816720257,0.993569131832797,29,29,29
id:4296,4296,FR,Ryanair,Ireland,Y,True,True,True,True,1489.70615395092,1434.5855249347,2600.11670538248,2484,0,0.108695652173913,0.891304347826087,29,29,29
id:1889,1889,CM,Copa Airlines,Panama,Y,True,True,True,True,2057.31553982687,1476.73638942821,4845.36470380294,149,0,0.100671140939597,0.899328859060403,28,28,28
id:19582,19582,JU,Air Serbia,Serbia,Y,True,True,False,True,965.846229232964,845.136021008149,1711.0589145556,77,0,0.0779220779220779,0.922077922077922,28,28,28
id:3179,3179,KU,Kuwait Airways,Kuwait,Y,True,True,False,True,2469.99279859126,2129.67745976288,4847.72951105152,79,0,0,1,28,28,27
id:5282,5282,PS,Ukraine International Airlines,Ukraine,Y,True,True,True,True,1779.40666172581,1566.24733355678,3387.05523969897,119,0,0.100840336134454,0.899159663865546,28,28,28
id:2439,2439,VY,Formosa Airlines,Taiwan,Y,True,True,True,True,1235.37196113327,1100.34981309188,2123.20604261473,384,0,0.276041666666667,0.723958333333333,28,28,28
id:4870,4870,TU,Tunisair,Tunisia,Y,True,True,True,True,1665.03444617754,1502.91162085647,3115.02459382215,149,0,0,1,27,27,27
id:3778,3778,WY,Oman Air,Oman,Y,True,True,False,True,2430.24743257771,2312.86460600527,5103.1673262055,92,0,0.0543478260869565,0.945652173913043,27,27,27
id:2548,2548,4U,Germanwings,Germany,Y,True,True,True,True,1127.95833990815,1015.85566399998,1901.94851010606,470,0,0.114893617021277,0.885106382978723,26,26,26
id:96,96,A3,Aegean Airlines,Greece,Y,True,True,True,True,1178.03718097441,1126.80176797739,2394.31999783795,213,0,0.394366197183099,0.605633802816901,26,25,26
id:794,794,AH,Air Algerie,Algeria,Y,True,True,True,True,1251.91971352998,1002.26331649823,2620.35684650598,226,0,0.36283185840708,0.63716814159292,26,26,26
id:1756,1756,CI,China Airlines,Taiwan,Y,True,True,True,True,2926.47708681918,1903.93450939213,7886.29132664733,154,0,0.00649350649350649,0.993506493506494,26,26,26
id:2150,2150,LY,El Al Israel Airlines,Israel,Y,True,True,False,True,3921.33814509784,2918.54096477911,8838.82267817431,73,0,0,1,26,26,26
id:4329,4329,S7,S7 Airlines,Russia,Y,True,True,True,True,2222.59990264754,2010.9258909531,3729.54667559649,242,0,0.396694214876033,0.603305785123967,26,26,26
id:515,515,AV,Avianca - Aerovias Nacionales de Colombia,AVIANCA,Y,True,True,True,True,1940.04106399085,1650.66162956924,3996.32158345515,243,0,0.263374485596708,0.736625514403292,25,25,25
id:5179,5179,RO,Tarom,Romania,Y,True,True,False,True,1192.82824482669,1171.00722351906,2072.38065292718,86,0,0.162790697674419,0.837209302325581,25,25,25
id:2638,2638,GF,Gulf Air Bahrain,Bahrain,Y,True,True,False,True,2109.42330784235,1884.58202475549,4668.97341435173,75,0,0,1,24,24,23
id:1946,1946,OK,Czech Airlines,Czech Republic,Y,True,True,True,True,1565.40320272973,1181.28611618151,2827.77468670383,101,0,0.099009900990099,0.900990099009901,24,24,23
id:218,218,AI,Air India Limited,India,Y,True,True,True,True,1733.97830266103,884.021784416781,3746.40298264471,306,0,0.663398692810457,0.336601307189543,23,23,23
id:329,329,G9,Air Arabia,United Arab Emirates,Y,True,True,True,True,2111.66998503756,2158.0794106184,3404.73213337359,128,0,0,1,23,23,23
id:2922,2922,IR,Iran Air,Iran,Y,True,True,True,True,1317.35795562942,793.432895230302,3712.87864919609,182,0,0.60989010989011,0.39010989010989,23,23,22
id:2987,2987,JL,Japan Airlines,Japan,Y,True,True,True,True,3233.73462922809,1776.70791888015,8297.6833163827,186,0,0.408602150537634,0.591397849462366,23,23,23
id:3490,3490,ME,Middle East Airlines,Lebanon,Y,True,True,False,True,1871.08354750428,1464.74064441218,3481.66156633142,62,0,0,1,23,22,23
id:3871,3871,PK,Pakistan International Airlines,Pakistan,Y,True,True,True,True,2293.59196233398,1738.05172016062,6053.81825600318,242,0,0.330578512396694,0.669421487603306,23,23,23
id:90,90,UX,Air Europa,Spain,Y,True,True,True,True,2613.38479881438,1460.65592364905,7462.27028511691,141,0,0.546099290780142,0.453900709219858,23,23,23
id:3029,3029,B6,JetBlue Airways,United States,Y,True,True,True,True,2519.86797361999,1897.82434293086,4126.86109288676,399,0,0.596491228070175,0.403508771929825,22,22,22
id:837,837,EI,Aer Lingus,Ireland,Y,True,True,True,True,1898.40307724898,1561.58042533586,3034.61514625817,172,0,0.0232558139534884,0.976744186046512,22,22,22
id:2660,2660,HU,Hainan Airlines,China,Y,True,True,True,True,1451.29412543805,1115.77079023313,2211.01512561684,520,3,0.834615384615385,0.165384615384615,22,22,21
id:5281,5281,HY,Uzbekistan Airways,Uzbekistan,Y,True,True,True,True,2568.4706113423,2413.55487958877,4695.52889748842,150,0,0.14,0.86,22,22,22
id:4349,4349,UL,SriLankan Airlines,Sri Lanka,Y,True,True,False,True,3198.4681996066,2749.71359348122,7041.25545112062,79,0,0.10126582278481,0.89873417721519,22,22,22
id:321,321,AM,AeroMéxico,Mexico,Y,True,True,True,True,2350.63291595785,1626.57629119837,6596.58249200927,161,0,0.484472049689441,0.515527950310559,21,21,21
id:2091,2091,BR,EVA Air,Taiwan,Y,True,True,True,True,3618.22739766794,2208.06440065066,9756.8322642581,102,0,0,1,21,21,21
id:8745,8745,TO,Transavia France,France,Y,True,True,True,True,2416.66434879903,2275.95612566664,3345.92441877791,488,0,0.00614754098360656,0.993852459016393,21,21,21
id:5039,5039,HV,Transavia Holland,Netherlands,Y,True,True,True,True,1716.52626088964,1804.46075811553,2684.57703747475,233,0,0.0815450643776824,0.918454935622318,20,20,20
id:1006,1006,KC,Air Astana,Kazakhstan,Y,True,True,True,True,2129.39205706374,1894.03888653999,4142.79336752708,116,0,0.327586206896552,0.672413793103448,20,20,20
id:3329,3329,LG,Luxair,Luxembourg,Y,True,True,True,True,1384.66135667091,1194.92299109444,2670.55599827174,108,0,0.0925925925925926,0.907407407407407,20,20,20
id:5097,5097,QS,Travel Service,Czech Republic,Y,True,True,False,True,1175.11104909051,852.37218858103,2634.62716788095,67,0,0.0298507462686567,0.970149253731343,20,20,20
id:5496,5496,IY,Yemenia,Yemen,Y,True,True,False,True,1615.85297298013,1331.18907629379,2566.52370384988,91,0,0.131868131868132,0.868131868131868,19,19,18
id:3952,3952,PR,Philippine Airlines,Philippines,Y,True,True,True,True,2692.20714889647,1553.02777263894,7366.61888152392,136,0,0.455882352941176,0.544117647058824,19,19,19
id:3000,3000,9W,Jet Airways,India,Y,True,True,True,True,2181.40565747002,1760.86323335638,4204.41584809788,157,0,0.401273885350318,0.598726114649682,18,18,18
id:4687,4687,NK,Spirit Airlines,United States,Y,True,True,True,True,1622.87827294142,1582.41791754858,2467.29758285084,242,0,0.752066115702479,0.247933884297521,18,18,18
id:5234,5234,U6,Ural Airlines,Russia,Y,True,True,True,True,2336.90741149702,2195.23358495019,3595.04780517389,232,0,0.245689655172414,0.754310344827586,18,18,18
id:5309,5309,VN,Vietnam Airlines,Vietnam,Y,True,True,True,True,1995.58298012902,1090.46989598943,4350.47691542882,192,0,0.354166666666667,0.645833333333333,18,18,18
id:5416,5416,WS,WestJet,Canada,Y,True,True,True,True,2012.4754594486,1932.42286482677,3595.94595631931,305,0,0.498360655737705,0.501639344262295,18,18,18
id:1548,1548,FB,Bulgaria Air,Bulgaria,Y,True,True,False,True,1325.36125549457,1363.76035258039,1982.99834614938,56,0,0.107142857142857,0.892857142857143,17,17,17
id:3463,3463,IG,Meridiana,Italy,Y,True,True,True,True,1511.05436235415,947.607974062846,2959.08077404839,100,0,0.41,0.59,17,15,16
id:4867,4867,JJ,TAM Brazilian Airlines,Brazil,Y,True,True,True,True,2082.36871828501,1136.68194767486,6573.59411253612,305,0,0.783606557377049,0.216393442622951,17,17,17
id:83,83,JP,Adria Airways,Slovenia,Y,True,False,False,False,826.872920905363,777.13271446261,1272.50886254119,40,0,0,1,17,17,17
id:242,242,KM,Air Malta,Malta,Y,True,True,False,True,1657.00091273237,1692.34473352733,2482.37354346743,80,0,0,1,17,17,17
id:3200,3200,LA,LAN Airlines,Chile,Y,True,True,True,True,2398.67466709481,1329.51214205614,6473.29115480853,125,0,0.416,0.584,17,17,17
id:3251,3251,LI,Leeward Islands Air Transport,Antigua and Barbuda,Y,True,True,False,True,290.210313141036,196.495897247083,594.432977664876,62,0,0,1,17,17,17
id:324,324,NH,All Nippon Airways,Japan,Y,True,True,True,True,2378.3187562558,1083.44814433978,7597.58465101312,297,0,0.609427609427609,0.390572390572391,17,17,17
id:345,345,NZ,Air New Zealand,New Zealand,Y,True,True,False,True,3550.31937179089,2406.63390509965,9170.1515831922,80,0,0.2125,0.7875,17,17,14
id:4089,4089,QF,Qantas,Australia,Y,True,True,True,True,3798.48773803737,2652.28887417715,8122.34935178229,175,0,0.582857142857143,0.417142857142857,17,17,17
id:5347,5347,VS,Virgin Atlantic Airways,United Kingdom,Y,True,True,False,True,6878.77908697807,6804.65406892031,9241.4359628641,71,0,0,1,17,17,16
id:1359,1359,BG,Biman Bangladesh Airlines,Bangladesh,Y,True,False,False,False,3107.81945173368,3080.23958145731,6361.17955431343,46,0,0.0869565217391304,0.91304347826087,16,16,16
id:3661,3661,HG,Niki,Austria,Y,True,True,True,True,1645.4293620614,1457.75110028338,3296.10319153385,111,0,0.027027027027027,0.972972972972973,16,16,16
id:197,197,J2,Azerbaijan Airlines,Azerbaijan,Y,True,True,False,True,2117.47733955913,1885.37971275984,3803.28163214105,50,0,0.04,0.96,16,16,16
id:2056,2056,KA,Dragonair,DRAGON,Y,True,True,False,True,1472.35805926335,1243.83487367454,2407.48357396902,92,0,0,1,16,16,16
id:3026,3026,LS,Jet2.com,United Kingdom,Y,True,True,True,True,2157.04030920064,1927.32159898778,3139.8682006104,302,0,0,1,16,16,16
id:1925,1925,OU,Croatia Airlines,Croatia,Y,True,True,True,True,757.017609954356,704.329739529135,1306.9115398668,102,0,0.215686274509804,0.784313725490196,16,16,16
id:4936,4936,TR,Tiger Airways,Singapore,Y,True,True,False,True,2098.01368967822,2330.49170894839,3216.412392824,74,0,0,1,16,16,16
id:1317,1317,TS,Air Transat,Canada,Y,True,True,True,True,4775.25946600708,5518.10686260834,7167.63499806863,107,0,0.102803738317757,0.897196261682243,16,16,15
id:1683,1683,5J,Cebu Pacific,Philippines,Y,True,True,True,True,1091.6410717603,623.478656902137,2634.79803384692,184,0,0.630434782608696,0.369565217391304,15,15,15
id:576,576,AK,AirAsia,Malaysia,Y,True,True,True,True,1331.56475362265,1255.70367929913,2545.61364817911,180,0,0.4,0.6,15,15,15
id:2421,2421,BE,Flybe,United Kingdom,Y,True,True,True,True,579.411864348051,461.025340232659,1327.49171128693,213,0,0.370892018779343,0.629107981220657,15,15,15
id:2547,2547,ST,Germania,Germany,Y,True,True,False,True,2168.53636535617,2197.98190067378,3377.46536209663,96,0,0.0416666666666667,0.958333333333333,15,15,15
id:5013,5013,TOM,Thomsonfly,United Kingdom,Y,True,True,True,True,3025.8724302945,2878.69053281195,4181.72880034953,139,0,0,1,15,13,15
id:4292,4292,WB,Rwandair Express,Rwanda,Y,True,False,False,False,1697.53339764465,1074.65949801753,4067.24237350036,39,0,0.102564102564103,0.897435897435897,15,15,14
id:1663,1663,BW,Caribbean Airlines,Trinidad and Tobago,Y,True,True,False,True,2043.18455930888,1722.36273407666,4078.8523934282,64,0,0.0625,0.9375,14,14,14
id:2520,2520,GA,Garuda Indonesia,Indonesia,Y,True,True,True,True,1922.54490443074,952.456308785558,5245.98114559739,224,0,0.669642857142857,0.330357142857143,14,14,14
id:220,220,ZB,Air Bourbon,Reunion,Y,True,True,True,True,2330.4950459728,2160.53272930513,3399.18787669278,210,0,0,1,14,14,14
id:1073,1073,9U,Air Moldova,Moldova,Y,True,False,False,False,1531.31016802791,1396.82196487517,2764.77112524956,38,0,0,1,13,13,13
id:412,412,AR,Aerolineas Argentinas,Argentina,Y,True,True,True,True,2317.78441055003,1233.79601429433,6894.65678985883,104,0,0.615384615384615,0.384615384615385,13,13,13
id:1936,1936,CU,Cubana de Aviación,Cuba,Y,True,True,False,True,2450.8800221786,2218.71704612398,7027.34837978894,55,0,0.236363636363636,0.763636363636364,13,13,12
id:17094,17094,DN,Senegal Airlines,Senegal,Y,True,False,False,False,1083.88785200726,710.394108645603,2307.58155879007,32,0,0.125,0.875,13,13,13
id:5133,5133,DT,TAAG Angola Airlines,Angola,Y,True,True,False,True,2227.12916741137,795.576729288254,6200.35466973934,71,0,0.563380281690141,0.436619718309859,13,13,13
id:2835,2835,FI,Icelandair,Iceland,Y,True,True,False,True,2909.85427896948,2241.08045217552,5498.56095785886,53,0,0.0377358490566038,0.962264150943396,13,13,13
id:4750,4750,MI,SilkAir,Singapore,Y,True,True,False,True,1943.38573803646,1931.91214205078,3202.47086183972,91,0,0.032967032967033,0.967032967032967,13,13,13
id:1057,1057,MK,Air Mauritius,Mauritius,Y,True,False,False,False,4459.32904369149,4332.97411686689,9150.7128408118,39,0,0.0769230769230769,0.923076923076923,13,13,13
id:3021,3021,3K,Jetstar Asia Airways,Singapore,Y,True,False,False,False,2066.50091577667,2057.37999791765,3494.58352702455,36,0,0,1,12,12,12
id:4255,4255,BI,Royal Brunei Airlines,Brunei,Y,True,False,False,False,2718.68390782842,1535.72223416351,6722.78134973881,30,0,0.0666666666666667,0.933333333333333,12,12,12
id:1942,1942,CY,Cyprus Airways,Cyprus,Y,True,False,False,False,1731.87607385713,1254.96450088868,2991.63068815058,29,0,0.0344827586206897,0.96551724137931,12,12,12
id:2684,2684,HQ,Harmony Airways,Canada,N,True,True,False,True,1821.49125495316,1870.20430763612,2850.06503822288,88,0,0.0909090909090909,0.909090909090909,12,12,12
id:1422,1422,PG,Bangkok Airways,Thailand,Y,True,True,False,True,1243.28288987434,673.541488141915,3166.35758312347,63,0,0.444444444444444,0.555555555555556,12,12,11
id:4897,4897,TCX,Thomas Cook Airlines,United Kingdom,Y,True,True,True,True,3179.04029245285,3001.48843885906,4076.85959084657,125,0,0,1,12,11,11
id:3754,3754,XY,Nas Air,Saudi Arabia,Y,True,True,True,True,1769.12971613635,1218.56160569998,3653.15774304772,102,0,0.274509803921569,0.725490196078431,12,12,12
id:595,595,3G,Atlant-Soyuz Airlines,Russia,Y,True,False,False,False,1524.35345213787,825.871400577565,3599.88895978437,30,0,0,1,11,11,11
id:240,240,AP,Air One,Italy,Y,True,True,False,True,1276.22580004946,1053.89432523994,1960.59441370949,76,0,0.289473684210526,0.710526315789474,11,11,11
id:4947,4947,FD,Thai AirAsia,Thailand,Y,True,True,False,True,1266.07563979811,1067.07194375251,2416.69811921438,92,0,0.391304347826087,0.608695652173913,11,11,11
id:879,879,FJ,Air Pacific,Fiji,Y,True,False,False,False,3056.56251654234,2445.09797026287,6040.63727223533,38,0,0,1,11,11,11
id:2682,2682,HF,Hapagfly,Germany,Y,True,False,False,False,887.467289233476,831.930397658915,1574.24312889011,25,0,0,1,11,11,11
id:2218,2218,OV,Estonian Air,Estonia,Y,True,False,False,False,1037.38357998235,838.975369113073,1857.92648686505,26,0,0,1,11,11,11
id:5479,5479,SE,XL Airways France,France,Y,True,False,False,False,4652.81175442077,5833.65783420626,8142.78490100273,32,0,0.1875,0.8125,11,11,11
id:1886,1886,V0,Conviasa,Venezuela,Y,True,True,False,True,865.391304987861,509.309550898585,1440.95375674909,78,0,0.717948717948718,0.282051282051282,11,11,11
id:18944,18944,7I,Insel Air (7I/INC) (Priv),Netherlands Antilles,Y,True,False,False,False,811.929322891091,694.114921457547,1828.11197306476,45,0,0.0888888888888889,0.911111111111111,10,10,10
id:15999,15999,9C,China SSS,China,Y,True,True,True,True,1430.66942464769,1297.87638229523,2220.24215252064,155,0,0.8,0.2,10,10,10
id:2923,2923,EP,Iran Aseman Airlines,Iran,Y,True,True,True,True,767.268893104735,689.688545815116,1287.87522632041,169,0,0.698224852071006,0.301775147928994,10,10,10
id:1790,1790,G3,City Connexion Airlines,Burundi,Y,True,True,True,True,1202.02920694479,850.114311933075,2188.60696277872,332,0,0.86144578313253,0.13855421686747,10,10,10
id:2993,2993,J9,Jazeera Airways,Kuwait,Y,True,False,False,False,1231.24371687792,1287.35366094415,1766.3448474351,30,0,0,1,10,10,10
id:16942,16942,L6,Mauritania Airlines International,Mauritania,Y,True,False,False,False,1063.92869809252,921.398122363536,1870.69271593126,30,0,0.2,0.8,10,10,10
id:3258,3258,LN,Libyan Arab Airlines,Libya,Y,True,True,False,True,1220.02581074666,1060.66464044847,2147.1084589695,62,0,0.258064516129032,0.741935483870968,10,10,10
id:4521,4521,SD,Sudan Airways,Sudan,Y,True,False,False,False,1411.92803367024,1196.26310709379,2573.76240274121,34,0,0.264705882352941,0.735294117647059,10,9,10
id:1908,1908,SS,Corsairfly,France,Y,False,False,False,False,5403.63649520142,5526.82491283534,9357.49520235706,19,0,0,1,10,10,10
id:20976,20976,W3,World Scale Airlines,United States,Y,True,True,False,True,786.134454198042,489.216727692226,1834.30575984398,66,0,0.666666666666667,0.333333333333333,10,10,10
id:3370,3370,W5,Mahan Air,Iran,Y,True,False,False,False,3293.01828161693,2467.88992423881,6336.04831465657,24,0,0,1,10,10,10
id:3539,3539,YM,Montenegro Airlines,Montenegro,Y,True,False,False,False,1125.40492714842,1182.65841660714,1979.11116444748,26,0,0,1,10,10,10
id:9818,9818,3O,Air Arabia Maroc,Morocco,Y,True,False,False,False,1724.66181367972,1836.98015215015,2168.04448354216,44,0,0,1,9,9,9
id:11741,11741,3S,Air Antilles Express,Guadeloupe,Y,True,False,False,False,451.446693634349,259.411946087351,981.130526831681,24,0,0.0833333333333333,0.916666666666667,9,9,9
id:4608,4608,3U,Sichuan Airlines,China,Y,True,True,True,True,1304.23342285963,1192.06210731703,1885.12854254855,380,8,0.921052631578947,0.0789473684210527,9,9,9
id:9531,9531,7J,Tajik Air,Tajikistan,Y,True,False,False,False,2229.82123848721,2107.66964052965,3454.43736184228,34,0,0,1,9,9,9
id:32,32,8U,Afriqiyah Airways,Libya,Y,True,False,False,False,1537.95010046929,1483.45372332584,2602.01555317261,36,0,0.138888888888889,0.861111111111111,9,9,8
id:4335,4335,BB,Seaborne Airlines,United States,Y,True,False,False,False,291.862561630702,278.190825161336,588.231858149775,32,0,0.1875,0.8125,9,9,9
id:2417,2417,D7,AirAsia X,Malaysia,Y,True,False,False,False,4710.80461815183,4591.54920649021,6546.71927546884,36,0,0,1,9,9,9
id:2688,2688,HA,Hawaiian Airlines,United States,Y,True,True,False,True,4026.67792814526,4194.44275225238,8006.75760373538,70,0,0.671428571428571,0.328571428571429,9,8,9
id:569,569,IX,Air India Express,India,Y,True,True,False,True,2084.45249263506,2459.76039274143,2993.56257713173,76,0,0.25,0.75,9,9,9
id:9810,9810,LJ,Jin Air,South Korea,Y,True,False,False,False,2111.08615179075,2102.64561792202,3382.29136965662,26,0,0.0769230769230769,0.923076923076923,9,9,9
id:1066,1066,MD,Air Madagascar,Madagascar,Y,True,True,False,True,1218.75854422608,519.28033284531,2135.09579656169,69,0,0.608695652173913,0.391304347826087,9,9,9
id:5484,5484,MF,Xiamen Airlines,China,Y,True,True,True,True,1132.95523439477,1017.47640372185,1787.70856915206,380,6,0.852631578947368,0.147368421052632,9,9,9
id:328,328,PX,Air Niugini,Papua New Guinea,Y,True,True,False,True,1246.97390864704,605.722445384973,3518.96165030006,91,0,0.714285714285714,0.285714285714286,9,9,9
id:4752,4752,PY,Surinam Airways,Suriname,Y,True,False,False,False,1862.48751714539,975.174263843985,3608.67069095847,20,0,0,1,9,9,9
id:16415,16415,QC,Camair-co,Cameroon,Y,True,False,False,False,1028.5875323769,763.890471350394,1119.57556429125,25,0,0.32,0.68,9,9,9
id:1287,1287,R3,Aircompany Yakutia,Russia,Y,True,True,False,True,2045.13345238471,1756.74745841611,3733.13396145185,73,0,0.657534246575342,0.342465753424658,9,8,9
id:4304,4304,S4,SATA International,Portugal,Y,True,False,False,False,2825.54569572472,2493.28694273336,5434.97908177943,35,0,0.342857142857143,0.657142857142857,9,8,9
id:1191,1191,UU,Air Austral,France,Y,True,False,False,False,2134.07135784582,1273.92337440353,4631.3061920162,24,0,0,1,9,9,9
id:18553,18553,W2,Maastricht Airlines,Netherlands,Y,False,False,False,False,1139.22040364556,522.952026598032,2734.31504267427,18,0,0.444444444444444,0.555555555555556,9,9,9
id:13757,13757,WU,Wizz Air Ukraine,Ukraine,Y,True,False,False,False,1479.69846952201,1452.34769843247,2233.10534638133,42,0,0,1,9,9,9
id:4573,4573,XQ,SunExpress,Turkey,Y,True,True,False,True,1842.31527636558,2073.25602105599,2453.93853741665,99,0,0.191919191919192,0.808080808080808,9,9,9
id:470,470,2J,Air Burkina,Burkina Faso,Y,True,False,False,False,780.179038428731,758.369961088101,1059.57436009382,22,0,0.0909090909090909,0.909090909090909,8,8,8
id:8463,8463,4H,United Airways,Bangladesh,Y,True,False,False,False,1396.73175212525,329.779117788679,3526.17939810814,32,0,0.4375,0.5625,8,8,8
id:1203,1203,A5,Airlinair,France,Y,True,True,True,True,600.373243951549,575.901279329908,862.696992963682,148,0,0.783783783783784,0.216216216216216,8,8,8
id:312,312,BM,Air Sicilia,Italy,Y,True,False,False,False,779.761294477851,808.159379844461,1153.76582951045,34,0,0.294117647058824,0.705882352941176,8,8,8
id:5982,5982,BX,Air Busan,Republic of Korea,Y,True,False,False,False,1605.99665886628,1557.15169130143,2810.8944583884,28,0,0,1,8,8,8
id:125,125,FG,Ariana Afghan Airlines,Afghanistan,Y,True,False,False,False,1367.16258420485,1228.29109164139,2073.68781018674,22,0,0.227272727272727,0.772727272727273,8,8,8
id:5038,5038,GE,TransAsia Airways,Taiwan,Y,True,True,False,True,1085.69796168096,854.08293950111,2489.40822928281,90,0,0.155555555555556,0.844444444444444,8,8,8
id:3052,3052,JQ,Jetstar Airways,Australia,Y,True,True,True,True,2632.63435335035,1965.78493847389,7013.27154075425,163,0,0.638036809815951,0.361963190184049,8,8,8
id:2245,2245,K2,Eurolot,Poland,Y,True,False,False,False,920.782966216693,1002.44556805623,1197.2812641826,36,0,0.166666666666667,0.833333333333333,8,8,8
id:1299,1299,OR,Arkefly,Netherlands,Y,True,False,False,False,4947.05486039718,7275.84706531167,7878.42356614175,24,0,0.166666666666667,0.833333333333333,8,8,8
id:139,139,SB,Air Caledonie International,France,Y,True,False,False,False,2632.24986724295,1860.29713717984,6976.29239953564,22,0,0.0909090909090909,0.909090909090909,8,8,8
id:153,153,SW,Air Namibia,Namibia,Y,True,False,False,False,1409.34743159343,924.522174429267,2831.53130878047,35,0,0.371428571428571,0.628571428571429,8,8,8
id:567,567,TX,Air Caraïbes,France,Y,True,False,False,False,3254.84712061058,1170.05117329111,7086.22933654285,23,0,0.0869565217391304,0.91304347826087,8,8,8
id:17891,17891,TZ,Scoot,Singapore,Y,True,False,False,False,3357.49333072027,3472.35197357364,6211.93512363777,24,0,0.0833333333333333,0.916666666666667,8,8,8
id:3589,3589,UE,Nasair,Eritrea,Y,False,False,False,False,1105.86539608895,955.32907788219,1849.19744636629,16,0,0.0625,0.9375,8,8,8
id:5360,5360,VA,Virgin Australia,Australia,Y,True,True,False,True,2746.00736835973,1781.48580003657,10124.2880369754,73,0,0.520547945205479,0.479452054794521,8,7,8
id:16149,16149,WM,Windward Islands Airways,Netherlands Antilles,Y,True,False,False,False,189.735406647369,83.6295667487926,694.114921457547,25,0,0.24,0.76,8,8,8
id:1792,1792,WX,CityJet,Ireland,Y,True,False,False,False,508.295002445748,478.335960723177,952.414030955424,30,0,0.133333333333333,0.866666666666667,8,8,8
id:2681,2681,X3,TUIfly,Germany,Y,True,True,True,True,2335.83473872505,2216.6491912142,3270.50158593561,226,0,0.0265486725663717,0.973451327433628,8,8,8
id:4611,4611,ZH,Shenzhen Airlines,China,Y,True,True,True,True,1161.33505560049,1121.44117378828,1798.26810828904,395,2,0.944303797468354,0.0556962025316455,8,8,8
id:2750,2750,2L,Helvetic Airways,Switzerland,Y,False,False,False,False,2057.71613010867,2505.17827563047,3236.5662771103,14,0,0,1,7,7,7
id:2994,2994,7C,Jeju Air,Republic of Korea,Y,True,False,False,False,1624.93117215131,973.150955248295,3580.39497655802,33,0,0.181818181818182,0.818181818181818,7,7,7
id:3432,3432,8M,Maxair,Sweden,Y,False,False,False,False,1835.7576065544,1809.03596182736,3560.70561028373,12,0,0,1,7,7,7
id:2538,2538,A9,Georgian Airways,Georgia,Y,False,False,False,False,1881.45529508908,1645.68539712156,3263.85656720778,18,0,0.166666666666667,0.833333333333333,7,7,7
id:10128,10128,DH,Dennis Sky,Israel,Y,False,False,False,False,947.877582515815,958.897020040601,1386.23480468313,13,0,0,1,7,7,7
id:4863,4863,EQ,TAME,Ecuador,Y,True,False,False,False,757.688091535444,349.869565645481,1329.51214205614,46,0,0.695652173913043,0.304347826086957,7,7,7
id:2420,2420,F7,Flybaboo,Switzerland,Y,True,False,False,False,492.710384841226,482.874384016046,867.133671830567,34,0,0.294117647058824,0.705882352941176,7,7,7
id:4609,4609,FM,Shanghai Airlines,China,Y,True,True,True,True,1167.7122259242,1115.52755526153,1669.69360767329,177,2,0.853107344632768,0.146892655367232,7,7,7
id:3081,3081,HO,Juneyao Airlines,China,Y,True,True,True,True,1203.65789761146,1176.15148528267,1685.64663776021,142,3,0.845070422535211,0.154929577464789,7,7,7
id:2773,2773,HX,Hong Kong Airlines,Hong Kong SAR of China,Y,True,False,False,False,1287.26932031963,1232.00031033301,1971.81546020017,49,0,0,1,7,7,7
id:2951,2951,IOS,Isles of Scilly Skybus,United Kingdom,N,True,True,False,True,1132.85888932842,940.930848688396,2200.98386310278,72,0,0.75,0.25,7,7,7
id:231,231,IZ,Arkia Israel Airlines,Israel,Y,True,False,False,False,1252.22150501015,350.259345916494,3287.0056174828,20,0,0.4,0.6,7,7,7
id:995,995,KK,Atlasjet,Turkey,Y,True,False,False,False,1108.49165686175,844.721252720259,2295.54596775764,32,0,0.3125,0.6875,7,7,7
id:3342,3342,MJ,L,Argentina,Y,False,False,False,False,2310.33576310249,3007.7177505325,3621.68003245117,14,0,0.0714285714285714,0.928571428571429,7,7,7
id:316,316,NX,Air Macau,Macao,Y,True,True,False,True,1505.6286140873,1315.47510488349,2412.43426489248,52,0,0,1,7,7,7
id:3354,3354,OM,MIAT Mongolian Airlines,Mongolia,Y,False,False,False,False,2557.62512244724,2440.39598966272,4477.78250700844,12,0,0,1,7,7,7
id:3233,3233,QV,Lao Airlines,Lao Peoples Democratic Republic,Y,True,False,False,False,657.546391832143,467.40855453718,1267.49550686008,42,0,0.380952380952381,0.619047619047619,7,7,7
id:4375,4375,SG,Spicejet,India,Y,True,True,True,True,809.567816441304,662.858728997462,1504.24836437984,162,0,0.876543209876543,0.123456790123457,7,7,7
id:18543,18543,SX,SkyWork Airlines ,Switzerland,Y,True,False,False,False,689.338142706688,718.34334629409,904.447473827742,24,0,0,1,7,7,7
id:10122,10122,SZ,Salzburg arrows,Austria,Y,True,False,False,False,2464.68517588299,2370.362046537,3477.29315519299,48,0,0,1,7,7,7
id:5083,5083,T5,Turkmenistan Airlines,Turkmenistan,Y,False,False,False,False,2976.77285538586,2508.56985810478,4779.93706401198,16,0,0,1,7,7,7
id:18529,18529,TJ,T.J. Air,United States,Y,False,False,False,False,293.195611152177,312.136121580722,372.113617794547,14,0,0.285714285714286,0.714285714285714,7,7,7
id:225,225,TN,Air Tahiti Nui,France,Y,False,False,False,False,5568.12895813125,6611.42485290986,9444.65158210583,11,0,0.0909090909090909,0.909090909090909,7,7,7
id:3721,3721,U7,Northern Dene Airways,Canada,Y,False,False,False,False,657.155323210014,533.09493336358,1260.45910495208,16,0,0,1,7,7,7
id:2774,2774,UO,Hong Kong Express Airways,Hong Kong SAR of China,Y,True,False,False,False,1950.36950638262,2058.44793502691,2518.32383938103,20,0,0,1,7,7,7
id:5041,5041,VR,TACV,Portugal,Y,True,False,False,False,1845.08289166862,645.60253485517,4520.95293546335,38,0,0.473684210526316,0.526315789473684,7,7,7
id:9809,9809,ZE,Eastar Jet,South Korea,Y,True,False,False,False,1413.1412337455,860.298048938519,3661.12887231214,22,0,0.272727272727273,0.727272727272727,7,7,7
id:17885,17885,4O,Interjet (ABC Aerolineas),Mexico,Y,True,True,True,True,1120.73569576134,1022.49539567025,2050.50735154222,112,0,0.75,0.25,6,6,6
id:1401,1401,4T,Belair Airlines,Switzerland,Y,False,False,False,False,2364.06275614913,2655.98222811038,3325.34552407065,12,0,0,1,6,6,6
id:2850,2850,6E,IndiGo Airlines,India,Y,True,True,True,True,1039.79786345582,864.956919808385,1930.92838778682,199,0,0.899497487437186,0.100502512562814,6,6,6
id:1629,1629,9K,Cape Air,United States,Y,True,True,False,True,199.037237220611,187.109372006241,322.065889910582,84,0,0.80952380952381,0.19047619047619,6,6,6
id:3392,3392,AE,Mandarin Airlines,Taiwan,Y,True,False,False,False,776.162718097128,539.462397592218,1928.50490900239,36,0,0.333333333333333,0.666666666666667,6,6,6
id:1463,1463,BV,Blue Panorama Airlines,Italy,Y,True,False,False,False,2752.24161541051,804.162014286319,8342.22740378099,49,0,0.387755102040816,0.612244897959184,6,6,6
id:4840,4840,DV,Scat Air,Kazakhstan,Y,True,True,False,True,952.187097127249,847.160074269357,1619.82387119671,78,0,0.743589743589744,0.256410256410256,6,6,6
id:1316,1316,FL,AirTran Airways,United States,Y,True,True,True,True,1458.26575920496,1350.67243708388,2689.26028188993,169,0,0.727810650887574,0.272189349112426,6,6,6
id:14849,14849,JY,Aereonautica militare,Italy,Y,True,False,False,False,398.421659830646,379.652918786543,751.706574441032,28,0,0.214285714285714,0.785714285714286,6,6,6
id:2058,2058,KB,Druk Air,Bhutan,Y,True,False,False,False,1064.623228891,676.140679916458,2035.21635685519,20,0,0,1,6,6,6
id:19610,19610,LT,Air Lituanica,Lithuania,Y,False,False,False,False,1091.20318537915,1032.18362175693,1651.6440994506,12,0,0,1,6,6,6
id:4311,4311,NL,Shaheen Air International,Pakistan,Y,True,True,False,True,1909.52322954392,1882.33003934565,3183.08728937897,64,0,0.25,0.75,6,6,6
id:3776,3776,OA,Olympic Airlines,Greece,Y,True,True,False,True,272.191898917701,202.29070239991,591.654126409034,54,0,0.814814814814815,0.185185185185185,6,6,6
id:5156,5156,PZ,TAM Mercosur,Paraguay,Y,False,False,False,False,1248.51288305816,1136.68194767486,1804.27389256873,18,0,0.111111111111111,0.888888888888889,6,6,6
id:4438,4438,SI,Skynet Airlines,Ireland,Y,True,False,False,False,404.919110117008,323.634022001699,714.347356229531,20,0,0,1,6,6,6
id:11811,11811,UJ,AlMasria Universal Airlines,Egypt,Y,True,False,False,False,1048.09075172219,1036.1807437697,1718.66626105253,32,0,0.1875,0.8125,6,6,6
id:20577,20577,V7,VOLOTEA Airways,Spain,Y,True,True,True,True,949.132446227192,902.704540091,1313.91897867463,136,0,0.676470588235294,0.323529411764706,6,6,6
id:1441,1441,WW,bmibaby,United Kingdom,Y,False,False,False,False,2391.89651227926,2241.08045217552,3208.07138650181,10,0,0,1,6,6,6
id:13088,13088,Y7,NordStar Airlines,Russia,Y,True,True,False,True,2176.52539699733,2089.89613648648,3851.74579459663,74,0,0.783783783783784,0.216216216216216,6,6,6
id:16475,16475,YI,TUR Avrupa Hava YollarÄ±,Turkey,N,True,False,False,False,270.19880264722,282.006833621194,498.896468586762,27,0,0.0740740740740741,0.925925925925926,6,6,6
id:9764,9764,Z2,Zest Air,Philippines,Y,True,False,False,False,1623.34301735465,1432.26167974009,2876.2611665549,32,0,0.3125,0.6875,6,6,6
id:21,21,ZI,Aigle Azur,France,Y,True,True,False,True,1397.05586857539,1362.25663671574,1791.20097970256,64,0,0,1,6,6,6
id:5521,5521,3J,Zip,Canada,N,False,False,False,False,1257.53752487911,1086.08750810037,1677.21246973655,5,0,0,1,5,3,4
id:2916,2916,3L,Intersky,Austria,Y,True,False,False,False,583.784380267511,556.076865486549,753.079733751055,26,0,0.230769230769231,0.769230769230769,5,5,5
id:18232,18232,5Q,BQB Lineas Aereas,Uruguay,Y,False,False,False,False,946.989436088842,1076.83395608324,1645.83719936107,18,0,0,1,5,5,5
id:2954,2954,6H,Israir,Israel,Y,False,False,False,False,1635.5336800449,1837.75467354379,2834.4922616343,12,0,0.333333333333333,0.666666666666667,5,5,5
id:3788,3788,8Q,Onur Air,Turkey,Y,True,False,False,False,1010.63620906789,874.895211412562,2195.93516748154,36,0,0.722222222222222,0.277777777777778,5,5,5
id:20004,20004,9V,Volotea Costa Rica,Costa Rica,Y,True,False,False,False,578.417940765035,416.674418632466,1614.75952961396,31,0,0.67741935483871,0.32258064516129,5,5,5
id:3740,3740,BJ,Nouvel Air Tunisie,Tunisia,Y,True,False,False,False,1558.69296464389,1559.27647175685,2577.1943832262,35,0,0.114285714285714,0.885714285714286,5,5,5
id:20047,20047,E2,Eagle Atlantic Airlines,Ghana,Y,False,False,False,False,823.051523901335,773.038284264533,1437.15265565632,12,0,0,1,5,5,5
id:2468,2468,F9,Frontier Airlines,United States,Y,True,True,True,True,1688.58940322156,1490.11056620066,2729.04573961796,192,0,0.78125,0.21875,5,5,5
id:476,476,FO,Airlines Of Tasmania,Australia,Y,True,False,False,False,702.939365382987,534.360987043671,1579.20829733149,34,0,0.588235294117647,0.411764705882353,5,4,5
id:132,132,JA,Air Bosna,Bosnia and Herzegovina,Y,False,False,False,False,668.18418881614,728.856320587457,1372.22173560137,10,0,0.2,0.8,5,5,5
id:3290,3290,JT,Lion Mentari Airlines,Indonesia,Y,True,True,True,True,1012.8996474218,883.029026053978,1652.79096992936,168,0,0.94047619047619,0.0595238095238095,5,5,5
id:1682,1682,KX,Cayman Airways,Cayman Islands,Y,True,False,False,False,811.39067830459,504.661452609974,2480.87995287713,23,0,0.304347826086957,0.695652173913043,5,5,5
id:18732,18732,OD,Malindo Air,Malaysia,Y,True,False,False,False,1445.71665737987,1128.9993856554,3624.3759158881,46,0,0.565217391304348,0.434782608695652,5,5,5
id:882,882,QH,Air Florida,United States,Y,True,False,False,False,2014.21034911779,1832.46878084217,3469.24387294699,34,0,0.0588235294117647,0.941176470588235,5,5,5
id:2857,2857,QZ,Indonesia AirAsia,Indonesia,Y,True,True,False,True,1288.17439927987,1165.25912664342,1978.25370911862,62,0,0.32258064516129,0.67741935483871,5,5,5
id:3637,3637,RA,Nepal Airlines,Nepal,Y,False,False,False,False,2948.66569140233,3102.79017728176,3359.54620709665,8,0,0,1,5,5,5
id:19676,19676,RX,Rainbow Air Polynesia,United States,Y,True,False,False,False,991.741433837607,329.779117788679,2667.9369047111,20,0,0.4,0.6,5,5,5
id:4599,4599,SC,Shandong Airlines,China,Y,True,True,True,True,978.693541071071,886.439153414246,1537.07429103994,298,12,0.912751677852349,0.087248322147651,5,5,5
id:9541,9541,TM,Air Mozambique,Mozambique,Y,True,True,False,True,852.628326918202,721.748475372285,1579.45479289584,54,0,0.666666666666667,0.333333333333333,5,5,5
id:16624,16624,TW,Tway Airlines,South Korea,Y,False,False,False,False,1165.48395478934,707.331732998675,2571.57841936305,16,0,0.25,0.75,5,5,5
id:1403,1403,UP,Bahamasair,Bahamas,Y,True,True,False,True,551.17027883109,317.419203623261,1454.04294714608,58,0,0.517241379310345,0.482758620689655,5,5,5
code:XU,,XU,,,,True,False,False,False,952.669789157233,713.120882772501,1992.80086696415,26,0,0.423076923076923,0.576923076923077,5,5,5
id:5523,5523,Z4,Zoom Airlines,Canada,Y,False,False,False,False,1347.80024683622,889.479538985415,3202.86935247109,10,0,0,1,5,5,5
id:10758,10758,4Q,Safi Airlines,Afghanistan,Y,False,False,False,False,929.699437625923,982.834332932987,1643.38684325484,14,0,0.285714285714286,0.714285714285714,4,4,4
id:1469,1469,7R,BRA-Transportes Aereos,Brazil,N,True,True,False,True,900.082533515497,785.124466469907,1521.84210375401,70,2,0.914285714285714,0.0857142857142857,4,4,4
id:19810,19810,9N,Regional Air Iceland,Iceland,Y,False,False,False,False,253.983430882588,234.56461835726,415.542428037069,12,4,0.166666666666667,0.833333333333333,4,4,4
id:683,683,BP,Air Botswana,Botswana,Y,True,False,False,False,797.05514023274,797.829540323967,1263.38291004318,24,0,0.333333333333333,0.666666666666667,4,4,4
id:4475,4475,DG,South East Asian Airlines,Philippines,Y,True,False,False,False,1028.81049338703,567.230709466926,2330.49170894839,22,0,0.636363636363636,0.363636363636364,4,4,4
id:16963,16963,E5,Air Arabia Egypt,Egypt,Y,False,False,False,False,1515.48872605307,1766.3448474351,2018.8923458929,10,0,0,1,4,4,4
id:4513,4513,FS,Servicios de Transportes A,Argentina,Y,False,False,False,False,1359.86181152779,1487.91635904732,1814.90184211121,17,0,0,1,4,4,3
id:2353,2353,FY,Firefly,Malaysia,Y,True,False,False,False,370.085888314739,355.067264956024,527.111696530338,40,0,0.55,0.45,4,4,4
id:508,508,GR,Aurigny Air Services,United Kingdom,Y,True,False,False,False,231.134475473102,236.45343033373,392.772679829074,20,0,0.1,0.9,4,4,4
id:4737,4737,H2,Sky Airline,Chile,Y,True,False,False,False,736.143149173587,566.758037521288,1296.73137954757,49,0,0.877551020408163,0.122448979591837,4,4,4
id:4808,4808,HZ,Sat Airlines,Kazakhstan,Y,False,False,False,False,844.511269526978,749.336400036088,1271.5472925619,11,0,0.272727272727273,0.727272727272727,4,4,3
id:4797,4797,IE,Solomon Airlines,Solomon Islands,Y,True,True,False,True,418.136245149555,231.628690607146,1186.93617947813,54,0,0.851851851851852,0.148148148148148,4,4,4
id:998,998,JS,Air Koryo,Democratic People's Republic of Korea,Y,False,False,False,False,1636.64227472181,747.881004155157,4724.61730669471,8,0,0,1,4,4,4
id:13899,13899,K6,Cambodia Angkor Air (K6),Cambodia,Y,True,False,False,False,997.973862283807,503.930406462438,2696.25766764788,22,0,0.181818181818182,0.818181818181818,4,4,4
id:5354,5354,LC,Varig Log,Brazil,Y,False,False,False,False,2560.26959228068,1629.80111745826,6052.22867028204,14,0,0.142857142857143,0.857142857142857,4,4,4
id:17675,17675,MM,Peach Aviation,Japan,Y,True,False,False,False,956.103721496116,654.724326002668,1933.35535820827,32,0,0.625,0.375,4,4,4
id:13335,13335,MR,Homer Air,Germany,Y,False,False,False,False,1130.25277573783,528.845934830492,3095.68264458054,19,0,0.578947368421053,0.421052631578947,4,4,4
id:524,524,NF,Air Vanuatu,Vanuatu,Y,True,True,False,True,297.564940334403,108.278555016716,527.988757549289,90,0,0.888888888888889,0.111111111111111,4,4,4
id:462,462,OB,Astrakhan Airlines,Russia,Y,True,False,False,False,1321.1273376594,518.535286636361,2021.63944071323,28,0,0.75,0.25,4,4,4
id:3826,3826,OJ,Overland Airways,Nigeria,Y,False,False,False,False,3106.11684651728,2707.84342753162,4630.30415500222,8,0,0,1,4,4,4
id:3618,3618,ON,Nauru Air Corporation,Nauru,Y,False,False,False,False,1423.10881068468,849.7158644108,3327.76786051758,8,0,0,1,4,4,4
id:491,491,OS,Austrian Airlines,Austria,Y,False,False,False,False,6127.01137958043,8451.05126772778,9154.04874818505,6,0,0,1,4,4,4
id:3834,3834,PV,PAN Air,Spain,Y,False,False,False,False,67.6253322986313,31.907540194711,140.37204710367,6,0,0,1,4,4,4
id:4031,4031,PW,Precision Air,Tanzania,Y,True,False,False,False,524.637257922609,472.796137119455,851.850488532009,31,0,0.548387096774194,0.451612903225806,4,4,4
id:13108,13108,Q2,Maldivian,Maldives,Y,True,False,False,False,570.322840513203,436.124666240208,1220.23411151004,28,0,0.571428571428571,0.428571428571429,4,4,4
id:3857,3857,Q8,Pacific East Asia Cargo Airlines,Philippines,Y,False,False,False,False,1053.07958783296,1010.08058043275,1785.85081644067,14,0,0.142857142857143,0.857142857142857,4,4,4
id:426,426,QN,Air Armenia,Armenia,N,False,False,False,False,1928.86343753924,1792.23817443931,2902.84713796239,16,0,0,1,4,4,4
id:3391,3391,RI,Mandala Airlines,Indonesia,Y,False,False,False,False,1551.55700115455,1168.44652704695,2876.53000370882,16,0,0.5,0.5,4,4,4
id:11857,11857,RL,Royal Falcon,Jordan,Y,False,False,False,False,834.037985558592,889.479538985415,1159.90694763519,7,0,0,1,4,4,4
id:3097,3097,RQ,Kam Air,Afghanistan,Y,False,False,False,False,1163.79965044248,1001.29348739133,1686.39712490018,5,0,0,1,4,3,4
id:4735,4735,S3,Santa Barbara Airlines,Venezuela,Y,False,False,False,False,3060.47951064581,2193.41484474875,5619.8249412655,6,0,0,1,4,4,4
id:2622,2622,TA,Grupo TACA,Costa Rica,Y,False,False,False,False,1085.09902574816,1272.21972921109,1638.24789553786,6,0,0,1,4,4,4
id:5085,5085,UG,Tuninter,Tunisia,Y,True,False,False,False,366.357162617448,332.762585470175,570.003094936522,24,0,0.583333333333333,0.416666666666667,4,4,4
id:5439,5439,WF,Widerøe,Norway,Y,True,True,True,True,252.751363498524,181.345304462804,596.724622976581,205,0,0.921951219512195,0.0780487804878048,4,4,4
id:1943,1943,YK,Cyprus Turkish Airlines,Turkey,Y,True,False,False,False,2041.79113588578,2034.16707688744,3351.89411899988,34,0,0.0588235294117647,0.941176470588235,4,4,4
id:16882,16882,YQ,Polet Airlines (Priv),Russia,Y,False,False,False,False,1010.63524455455,1048.0012829307,1795.1096898532,14,0,0.571428571428571,0.428571428571429,4,4,4
code:ZD,,ZD,,,,False,False,False,False,467.178699688472,335.96048084188,936.665125660125,8,0,0,1,4,4,4
id:3652,3652,2N,NextJet,Sweden,Y,True,False,False,False,338.735042971421,306.205842722427,546.023731849047,41,0,0.804878048780488,0.195121951219512,3,3,3
id:5002,5002,3P,Tiara Air,Aruba,Y,False,False,False,False,154.85992936028,100.639998646189,285.485781052813,6,0,0.166666666666667,0.833333333333333,3,3,3
id:3545,3545,3R,Moskovia Airlines,Russia,Y,True,False,False,False,2235.49669786779,2619.93205972933,2927.90314724632,20,0,0.3,0.7,3,3,3
id:3201,3201,4M,LAN Argentina,Argentina,Y,False,False,False,False,4870.68253337862,6026.82472699875,7118.92468009731,6,0,0,1,3,3,3
id:1581,1581,5C,CAL Cargo Air Lines,Israel,Y,True,False,False,False,144.982027692771,154.822427628833,226.576779659813,25,4,0.84,0.16,3,3,3
id:8576,8576,5H,Fly540,Kenya,Y,False,False,False,False,364.516961038573,292.631983969783,632.940984807086,18,0,0.777777777777778,0.222222222222222,3,3,3
code:5U,,5U,,,,False,False,False,False,297.90741096933,295.881022985717,383.167457312708,9,0,0.222222222222222,0.777777777777778,3,3,3
id:4805,4805,6W,Saratov Aviation Division,Russia,Y,False,False,False,False,1229.10259505372,1116.77572169249,2220.6107770193,10,0,0.6,0.4,3,3,3
id:17408,17408,8B,BusinessAir,Thailand,Y,False,False,False,False,2747.16802127515,2968.47643463608,4255.14403635603,12,0,0.166666666666667,0.833333333333333,3,3,3
id:3534,3534,8I,Myway Airlines,Italy,Y,False,False,False,False,855.360767828181,391.361694797192,1828.11197306476,6,0,0,1,3,3,3
id:439,439,AS,Alaska Airlines,ALASKA,Y,True,True,True,True,2182.53758292207,1913.27731581029,4132.31284115464,238,0,0.882352941176471,0.117647058823529,3,3,3
id:2395,2395,B5,Flightline,United Kingdom,Y,True,False,False,False,516.368650783519,477.952936049318,949.440667098665,26,0,0.730769230769231,0.269230769230769,3,3,3
id:9082,9082,B7,Uni Air,Taiwan,Y,True,False,False,False,944.035422683601,849.137663798792,1713.42804937281,34,0,0,1,3,3,3
id:1750,1750,C8,Chicago Express,United States,N,False,False,False,False,518.181437153121,498.449072906154,960.277833512773,8,0,0.25,0.75,3,3,3
id:1966,1966,D3,Daallo Airlines,Djibouti,Y,False,False,False,False,1228.98504783861,1086.08750810037,2054.57779308536,6,0,0.166666666666667,0.833333333333333,3,3,3
id:11806,11806,E9,Compagnie Africaine d\\'Aviation,Congo (Kinshasa),Y,False,False,False,False,7265.94765172135,7265.94765172135,7961.52905917289,4,0,0,1,3,3,3
code:EB,,EB,,,,False,False,False,False,5909.34429794904,6570.36624426981,7961.52905917289,5,0,0.2,0.8,3,3,3
id:2989,2989,EG,Japan Asia Airways,Japan,Y,False,False,False,False,2492.43891319337,2763.92440186066,3360.57647099674,9,0,0,1,3,3,3
id:336,336,EL,Air Nippon,Japan,Y,False,False,False,False,1661.02166658497,1557.18315169559,1985.18460210048,6,0,0,1,3,3,3
id:2293,2293,EO,Express One International,United States,Y,False,False,False,False,1207.62018568994,1304.33010106479,1729.02250891944,12,0,0,1,3,3,3
id:921,921,GL,Air Greenland,Denmark,Y,True,True,False,True,379.783224665139,202.403471216091,670.342950356092,56,0,0.928571428571429,0.0714285714285714,3,3,3
id:9784,9784,HK,Yangon Airways,Burma,Y,False,False,False,False,2680.84764607696,3189.79962333454,3510.76646159214,6,0,0,1,3,3,3
id:397,397,JW,Arrow Air,United States,Y,False,False,False,False,1459.35379828723,1434.4121308462,2181.0228691677,8,0,0.5,0.5,3,3,3
id:1844,1844,KR,Comores Airlines,Comoros,Y,True,False,False,False,2198.35059525505,2034.16707688744,2965.70868814099,22,0,0,1,3,3,3
id:3783,3783,N3,Omskavia Airline,Russia,N,False,False,False,False,459.117634333972,459.117634333972,675.083913703626,4,0,0,1,3,3,3
id:17083,17083,NP,Nile Air,Egypt,Y,False,False,False,False,1219.16637757676,1283.31397709059,1615.94225255068,16,0,0,1,3,3,3
id:1539,1539,NT,Binter Canarias,Spain,Y,True,False,False,False,439.166078611513,242.213870267943,1482.89660572587,30,0,0.8,0.2,3,3,3
id:3811,3811,OX,Orient Thai Airlines,Thailand,Y,False,False,False,False,1360.60631869326,1689.39348362166,1700.85484846458,6,0,0.333333333333333,0.666666666666667,3,3,3
id:18169,18169,P4,Patriot Airways,United States,Y,True,False,False,False,253.864837752152,191.036943973935,361.343533078322,21,0,0.714285714285714,0.285714285714286,3,3,3
id:5016,5016,PM,Tropic Air,Belize,Y,False,False,False,False,302.359145538553,207.459443732823,698.557160711616,14,0,0.571428571428571,0.428571428571429,3,3,3
id:881,881,RC,Atlantic Airways,Faroe Islands,Y,False,False,False,False,907.016757713105,789.705849246347,1344.06901316115,9,0,0.111111111111111,0.888888888888889,3,3,3
id:10776,10776,S6,Salmon Air,United States,Y,False,False,False,False,199.598511508661,227.025358602422,243.151354964317,6,0,0.333333333333333,0.666666666666667,3,3,3
id:4356,4356,SY,Sun Country Airlines,United States,Y,True,False,False,False,1951.20863469082,2087.7686600472,2600.3635132888,38,0,0.842105263157895,0.157894736842105,3,3,3
id:2117,2117,T3,Eastern Airways,United Kingdom,Y,True,False,False,False,385.085229195968,372.481032712871,615.582001189705,30,0,0.866666666666667,0.133333333333333,3,3,3
id:4965,4965,T7,Twin Jet,France,Y,True,False,False,False,452.798303176834,455.555271824226,623.516955564739,22,0,0.727272727272727,0.272727272727273,3,3,3
id:1669,1669,V3,Carpatair,Romania,Y,False,False,False,False,1347.12452684775,1317.91747121732,1440.54397345449,6,0,0,1,3,3,3
id:1909,1909,XK,Corse-Mediterranee,France,Y,True,False,False,False,591.896723336453,517.430308880017,1002.46297487528,42,0,0.857142857142857,0.142857142857143,3,3,3
id:16844,16844,XV,BVI Airways,British Virgin Islands,Y,False,False,False,False,322.500670256649,337.607917804694,471.929238921881,6,0,0,1,3,3,3
id:17023,17023,Y5,Asia Wings,Kazakhstan,Y,False,False,False,False,1271.52646624668,1271.52646624668,1931.91214205078,4,0,0,1,3,3,3
id:9828,9828,YC,Ciel Canadien,Canada,Y,True,True,False,True,1361.99990797151,1147.21957241795,2250.57599173502,62,0,0.935483870967742,0.0645161290322581,3,3,3
id:603,603,Z8,Amaszonas,Bolivia,Y,True,False,False,False,416.968909737902,397.722070513312,611.007404109053,36,0,0.833333333333333,0.166666666666667,3,3,3
id:410,410,2B,Aerocondor,Portugal,Y,True,False,False,False,1106.31614275778,1106.16143541848,1511.86231448509,40,0,0.95,0.05,2,2,2
id:1338,1338,2K,Aerolineas Galapagos (Aerogal),Ecuador,Y,False,False,False,False,663.313151920301,728.03299819945,1081.10743259779,12,0,0.5,0.5,2,2,2
id:897,897,2P,Air Philippines,Philippines,Y,True,False,False,False,983.45392580086,647.581404420248,884.00616506483,32,0,0.9375,0.0625,2,2,2
id:20710,20710,3M,Silver Airways (3M),United States,Y,True,True,False,True,344.366456509023,317.559547495889,530.071457194326,67,0,0.671641791044776,0.328358208955224,2,2,2
id:442,442,4D,Air Sinai,Egypt,Y,False,False,False,False,392.487235310589,392.487235310589,392.487235310589,2,0,0,1,2,2,2
id:2524,2524,4G,Gazpromavia,Russia,Y,True,False,False,False,1553.21038138339,1670.58576993141,2204.63969932053,20,0,0.9,0.1,2,2,2
id:4436,4436,5M,Sibaviatrans,Russia,Y,False,False,False,False,85.0401880541951,85.0401880541951,85.0401880541951,2,0,0,1,2,2,2
id:11814,11814,6Y,SmartLynx Airlines,Latvia,Y,False,False,False,False,4507.42078622693,4507.42078622693,4507.42078622693,2,0,0,1,2,2,2
id:1500,1500,7P,Metro Batavia,Indonesia,Y,False,False,False,False,257.31895993201,263.957136592084,323.059420090932,11,1,0.818181818181818,0.181818181818182,2,2,2
id:2942,2942,8L,Cargo Plus Aviation,United Arab Emirates,Y,True,True,True,True,1086.80173135775,1078.36968417406,1883.48286726832,130,0,0.984615384615385,0.0153846153846153,2,2,2
id:5188,5188,8R,TRIP Linhas A,Brazil,Y,True,False,False,False,451.117890327455,410.379319293989,674.189138452847,35,0,0.942857142857143,0.0571428571428572,2,2,2
code:9D,,9D,,,,False,False,False,False,2772.19376054248,2772.19376054248,2772.19376054248,1,0,0,1,2,1,1
id:16960,16960,AW,Asian Wings Airways,Burma,Y,False,False,False,False,348.86927513523,400.511909240479,446.094317857877,6,0,0.666666666666667,0.333333333333333,2,2,2
id:4026,4026,BK,Potomac Air,United States,Y,True,True,True,True,949.152246009684,869.499633496976,1721.67706136705,106,0,0.962264150943396,0.0377358490566038,2,2,2
id:16508,16508,BU,Baikotovitchestrian Airlines ,American Samoa,Y,True,False,False,False,671.490538634527,583.183256061769,1225.15552657832,41,0,0.951219512195122,0.0487804878048781,2,2,2
id:221,221,CC,Air Atlanta Icelandic,Iceland,Y,False,False,False,False,291.921305883023,295.881022985717,393.011284362482,13,0,0.615384615384615,0.384615384615385,2,2,2
id:1308,1308,CG,Airlines PNG,Papua New Guinea,Y,True,True,False,True,403.211616729396,303.602419878073,735.384428326005,73,0,0.972602739726027,0.0273972602739726,2,2,2
id:20270,20270,D2,Severstal Air Company,Russia,Y,False,False,False,False,823.489038160587,738.070485988621,1318.87243911791,18,0,0.888888888888889,0.111111111111111,2,2,2
id:2881,2881,D6,Interair South Africa,South Africa,Y,False,False,False,False,1461.88062394218,1461.88062394218,1461.88062394218,2,0,0,1,2,2,2
id:3674,3674,DD,Nok Air,Thailand,Y,True,False,False,False,524.789319237852,524.128935251348,691.570623993539,46,0,0.956521739130435,0.0434782608695652,2,2,2
id:1954,1954,DX,DAT Danish Air Transport,Denmark,Y,False,False,False,False,229.957289678555,237.031980118016,375.751259692957,16,0,0.75,0.25,2,2,2
id:2217,2217,E7,Estafeta Carga Aerea,Mexico,N,False,False,False,False,476.09814621871,476.09814621871,573.802920681228,4,0,0.5,0.5,2,2,2
id:20160,20160,E8,City Airways,Thailand,Y,False,False,False,False,1678.90737701842,2054.16665225697,2290.98485480476,6,0,0.333333333333333,0.666666666666667,2,2,2
id:807,807,EN,Air Dolomiti,Italy,Y,False,False,False,False,518.748358863129,510.067616725457,857.925919502646,12,0,0,1,2,2,2
id:2260,2260,EW,Eurowings,Germany,Y,False,False,False,False,379.357426640726,379.357426640726,379.357426640726,1,0,0,1,2,1,1
id:2409,2409,F2,Fly Air,Turkey,N,False,False,False,False,252.958595448093,211.008298111272,462.088508885989,14,0,0.857142857142857,0.142857142857143,2,2,2
id:4044,4044,FE,Primaris Airlines,United States,N,False,False,False,False,1453.75572926398,1522.45348433517,1748.76862048087,16,2,0,1,2,2,2
id:641,641,FV,Rossiya-Russian Airlines,Russia,Y,False,False,False,False,1464.33716153629,1406.58145585514,1740.70592765338,5,0,0.4,0.6,2,2,2
id:690,690,GS,Air Foyle,United Kingdom,Y,True,True,True,True,803.291625324296,745.195595991762,1317.62734268674,348,10,0.982758620689655,0.0172413793103449,2,2,2
id:9620,9620,GY,Gabon Airlines,Gabon,Y,False,False,False,False,2942.82332353056,2942.82332353056,2942.82332353056,2,0,0,1,2,2,2
id:1769,1769,HR,China United Airlines,China,Y,False,False,False,False,189.496882375337,189.496882375337,189.496882375337,2,0,0,1,2,2,2
id:116,116,I9,Air Italy,Italy,Y,False,False,False,False,7200.60393185029,7200.60393185029,7200.60393185029,2,0,0,1,2,2,2
id:1508,1508,J8,Berjaya Air,Malaysia,Y,False,False,False,False,418.795467637555,418.795467637555,503.001954406889,4,0,0.5,0.5,2,2,2
id:3393,3393,JE,Mango,South Africa,Y,False,False,False,False,1144.24719884033,1040.56676536208,1644.62650357333,18,0,0.888888888888889,0.111111111111111,2,2,2
id:2264,2264,JN,Excel Airways,United Kingdom,Y,False,False,False,False,740.848521405407,803.578899464934,1001.41496679512,8,0,0.25,0.75,2,2,2
id:2419,2419,LF,FlyNordic,Sweden,Y,False,False,False,False,366.629214980709,366.629214980709,516.817878884831,4,0,0.5,0.5,2,2,2
id:1008,1008,LV,Albanian Airlines,Albania,Y,False,False,False,False,5865.67743920857,5865.67743920857,5870.69224612664,4,0,0,1,2,2,2
id:42,42,M3,ABSA - Aerolinhas Brasileiras,Brazil,Y,False,False,False,False,295.736941834871,343.820645892585,404.959291601535,6,0,0.666666666666667,0.333333333333333,2,2,2
id:15893,15893,M4,Marysya Airlines,Russia,Y,False,False,False,False,470.215160556346,421.515251488963,741.862465031156,19,0,0.894736842105263,0.105263157894737,2,2,2
id:3547,3547,M9,Motor Sich,Ukraine,Y,False,False,False,False,648.005401063492,622.551057262817,869.225886756846,6,0,0.666666666666667,0.333333333333333,2,2,2
id:896,896,NY,Air Iceland,Iceland,Y,False,False,False,False,569.807070157504,314.782781924592,1428.0985484312,8,0,0.75,0.25,2,2,2
id:4066,4066,P0,Proflight Commuter Services,Zambia,Y,False,False,False,False,450.737037947941,440.440739145654,598.496522210069,12,4,0.833333333333333,0.166666666666667,2,2,2
code:P2,,P2,,,,False,False,False,False,255.494567058265,220.953478991879,450.411477679339,15,0,0.866666666666667,0.133333333333333,2,2,2
id:4021,4021,PD,Porter Airlines,Canada,Y,True,False,False,False,667.575231615475,696.404669764585,947.248227738609,34,0,0.705882352941177,0.294117647058823,2,2,2
id:106,106,PE,Air Europe,Italy,Y,False,False,False,False,527.942145179838,527.942145179838,527.942145179838,2,0,0,1,2,2,2
id:477,477,PJ,Air Saint Pierre,France,Y,False,False,False,False,746.577089449317,605.448389151518,1358.83968551483,6,0,0,1,2,2,2
id:18700,18700,Q3,SOCHI AIR CHATER,Russia,Y,False,False,False,False,19.0804477833116,19.0804477833116,19.0804477833116,2,0,0,1,2,2,2
id:20686,20686,Q7,SkyBahamas Airlines,Bahamas,Y,False,False,False,False,220.690211195019,209.04989203077,309.831435495646,10,0,0.8,0.2,2,2,2
id:19305,19305,QG,Citilink Indonesia,Indonesia,Y,True,True,False,True,837.057734922747,853.413284622887,1426.81973597217,58,0,0.931034482758621,0.0689655172413793,2,2,2
id:1206,1206,QL,Aero Lanka,Sri Lanka,Y,False,False,False,False,449.546261006683,441.334638387245,621.464098416327,14,0,0.857142857142857,0.142857142857143,2,2,2
id:2104,2104,QU,East African,Uganda,Y,False,False,False,False,917.33742073551,917.33742073551,1100.08251367227,4,0,0,1,2,2,2
id:3805,3805,R2,Orenburg Airlines,Russia,Y,False,False,False,False,1567.82108765586,1687.23803788773,1794.75202688681,9,0,0.666666666666667,0.333333333333333,2,2,2
id:622,622,R7,Aserca Airlines,Venezuela,Y,True,False,False,False,394.609787208547,368.827296224012,530.523954911601,26,0,0.923076923076923,0.0769230769230769,2,2,2
id:17099,17099,S9,Starbow Airlines,Ghana,Y,False,False,False,False,314.683387010135,308.956312960429,446.094317857877,8,0,0.75,0.25,2,2,2
id:4454,4454,SJ,Sriwijaya Air,Indonesia,Y,True,True,True,True,806.736556648357,691.206362452794,1673.11187844864,106,0,0.981132075471698,0.0188679245283019,2,2,2
id:1048,1048,TD,Atlantis European Airways,Armenia,Y,False,False,False,False,2587.13287271925,2587.13287271925,2587.13287271925,2,0,0,1,2,2,2
id:3386,3386,TF,Malmö Aviation,Sweden,Y,False,False,False,False,633.879850412679,504.589881221842,1312.71428653394,10,0,0.8,0.2,2,2,2
id:338,338,TL,Airnorth,Australia,Y,True,False,False,False,815.048143265088,650.14243059278,1817.17486359995,33,0,0.939393939393939,0.0606060606060606,2,2,2
id:608,608,UM,Air Zimbabwe,Zimbabwe,Y,False,False,False,False,639.097096134418,618.807858798548,955.468853588368,12,0,0.5,0.5,2,2,2
id:15814,15814,UR,UTair-Express,Russia,Y,True,True,False,True,655.023367763486,657.406576262536,1036.84219450996,74,0,0.972972972972973,0.027027027027027,2,2,2
id:1611,1611,UY,Cameroon Airlines,Cameroon,N,False,False,False,False,773.470038018406,773.470038018406,936.930961257823,4,0,0,1,2,2,2
id:10800,10800,V9,Star1 Airlines,Lithuania,Y,False,False,False,False,188.434183034468,216.770442773612,293.716486689102,10,0,0.2,0.8,2,2,2
id:10646,10646,VB,Birmingham European,United Kingdom,N,True,True,True,True,907.948844845116,825.696802101823,1281.83577700094,102,0,0.980392156862745,0.0196078431372549,2,2,2
id:5297,5297,VF,Valuair,Singapore,Y,False,False,False,False,1309.96297540725,1376.14983341415,1671.50012353589,6,0,0,1,2,2,2
id:5651,5651,VJ,Royal Air Cambodge,Cambodia,Y,True,False,False,False,704.816558615359,631.06530044196,1104.80795288231,34,0,0.882352941176471,0.117647058823529,2,2,2
id:692,692,VT,Air Tahiti,French Polynesia,Y,True,True,False,True,350.032570253232,218.065595963695,732.475488456953,93,0,0.978494623655914,0.021505376344086,2,2,2
id:1290,1290,VW,Aeromar,Mexico,Y,True,False,False,False,529.187392238378,474.619923045874,767.336477585427,42,0,0.857142857142857,0.142857142857143,2,2,2
id:5331,5331,VX,Virgin America,United States,Y,True,True,False,True,2840.77617265444,3562.31960580994,4150.830925652,66,0,0.878787878787879,0.121212121212121,2,2,2
id:970,970,W9,Air Bagan,Myanmar,Y,True,False,False,False,407.960461580935,432.546073400275,573.789982445064,29,0,0.931034482758621,0.0689655172413793,2,2,2
id:4547,4547,WN,Southwest Airlines,United States,Y,True,True,True,True,1404.67669822869,1277.93281471395,2616.63479175616,1098,0,0.990892531876138,0.00910746812386154,2,2,2
id:1034,1034,XL,Aerolane,Ecuador,Y,False,False,False,False,1757.70635538968,1130.17733823173,4608.11384786717,12,0,0.666666666666667,0.333333333333333,2,2,2
id:5325,5325,Y4,Volaris,Mexico,Y,True,True,True,True,1633.54653654134,1599.96589387245,2591.00804956983,197,0,0.756345177664975,0.243654822335025,2,2,2
id:3148,3148,Y9,Kish Air,Iran,Y,True,False,False,False,556.277327470203,538.557286409985,1049.8992980598,21,0,0.80952380952381,0.19047619047619,2,2,2
id:19016,19016,ZM,Apache Air,United States,Y,False,False,False,False,1624.55956086531,1624.55956086531,2942.82332353056,4,0,0.5,0.5,2,2,2
id:1654,1654,2G,Cargoitalia,Italy,N,False,False,False,False,1102.29283756411,1134.53953219503,1860.01772073459,19,0,1,0,1,1,1
id:8359,8359,2I,Star Peru (2I),Peru,Y,False,False,False,False,430.714496450327,454.85906967349,595.657231353248,18,0,1,0,1,1,1
id:146,146,2O,Air Salone,Sierra Leone,Y,False,False,False,False,59.9362330047072,59.9362330047072,85.1779643744697,2,0,1,0,1,1,1
id:1729,1729,2Z,Changan Airlines,China,N,True,False,False,False,512.584128190492,502.417310591953,877.075084806447,46,0,1,0,1,1,1
id:10739,10739,3E,Air Choice One,United States,Y,False,False,False,False,257.804718998347,251.702594118334,325.275555706786,10,0,1,0,1,1,1
id:16262,16262,3F,Fly Colombia ( Interliging Flights ),Colombia,Y,False,False,False,False,26.4203342984056,26.4203342984056,26.4203342984056,2,0,1,0,1,1,1
code:3H,,3H,,,,True,True,False,True,344.720963332619,208.007858130755,790.211699972173,64,0,1,0,1,1,1
id:20565,20565,4B,Boutique Air (Priv),United States,Y,False,False,False,False,379.994798294088,379.994798294088,379.994798294088,2,0,1,0,1,1,1
code:4E,,4E,,,,False,False,False,False,48.925898259979,63.4526410797235,63.4526410797235,3,0,1,0,1,1,1
id:29,29,4K,Askari Aviation,Pakistan,Y,False,False,False,False,383.414689039668,383.414689039668,383.414689039668,2,0,1,0,1,1,1
id:341,341,4N,Air North Charter - Canada,Canada,Y,False,False,False,False,1422.44165907011,1483.32783195114,2815.34362593769,13,0,1,0,1,1,1
code:4W,,4W,,,,False,False,False,False,191.56712022924,173.261390434666,282.92630398959,15,0,1,0,1,1,1
id:1173,1173,4Y,Airbus France,France,N,False,False,False,False,78.3975832106124,63.9522032805113,154.374344741782,19,0,1,0,1,1,1
id:4496,4496,5G,Skyservice Airlines,Canada,Y,False,False,False,False,200.001598307334,200.001598307334,200.001598307334,2,0,1,0,1,1,1
id:503,503,5N,Aeroflot-Nord,Russia,Y,False,False,False,False,994.728839936208,994.879532566621,1350.28261676427,14,0,1,0,1,1,1
id:10650,10650,5P,Pal airlines,Chile,Y,False,False,False,False,822.861618453233,767.917950965675,1333.69577115418,4,0,1,0,1,1,1
id:1623,1623,5T,Canadian North,Canada,Y,True,False,False,False,680.038975487888,596.22690669027,1163.73144991115,44,0,1,0,1,1,1
id:18946,18946,5Z,VivaColombia,Colombia,Y,False,False,False,False,563.200954059715,563.200954059715,563.200954059715,2,0,1,0,1,1,1
id:17095,17095,6I,Fly 6ix,Sierra Leone,Y,False,False,False,False,195.349981630122,195.349981630122,195.349981630122,2,0,1,0,1,1,1
code:6L,,6L,,,,False,False,False,False,352.320187754593,346.143702707087,650.391279807941,12,0,1,0,1,1,1
id:1340,1340,6R,Alrosa Mirny Air Enterprise,Russia,Y,True,False,False,False,1805.00433156966,1276.49381235132,3920.64693908113,30,0,1,0,1,1,1
id:5813,5813,6T,Air Mandalay,Burma,Y,True,False,False,False,313.595989475806,265.967753933283,491.502879362086,22,0,1,0,1,1,1
id:563,563,7E,Aeroline GmbH,Germany,Y,False,False,False,False,178.296899244323,178.296899244323,178.296899244323,2,0,1,0,1,1,1
id:2354,2354,7F,First Air,Canada,Y,True,True,False,True,607.387691775425,421.903028613591,1220.74950034802,72,0,1,0,1,1,1
id:4388,4388,7G,Star Flyer,Japan,Y,False,False,False,False,711.459226102549,821.354948212958,881.3365304843,6,0,1,0,1,1,1
id:16726,16726,7H,Era Alaska,United States,Y,True,False,False,False,423.572611854293,424.491785355869,639.467403227563,24,0,1,0,1,1,1
id:16615,16615,7M,Mongolian International Air Lines ,Mongolia,Y,False,False,False,False,297.277495674207,333.176877866786,465.368787355159,8,0,1,0,1,1,1
code:7S,,7S,,,,False,False,False,False,74.0693463270677,63.4092096516864,109.875011356522,6,0,1,0,1,1,1
id:1109,1109,8D,Astair,Russian Federation,Y,False,False,False,False,135.668459305904,135.668459305904,135.668459305904,2,0,1,0,1,1,1
id:1472,1472,8E,Bering Air,United States,Y,True,True,False,True,125.013295145509,94.7428910197188,256.51964459118,65,0,1,0,1,1,1
id:3856,3856,8P,Pacific Coastal Airline,Canada,Y,True,False,False,False,300.18041209104,301.382212679215,537.38685602455,26,4,1,0,1,1,1
id:68,68,8T,Air Tindi,Canadian Territories,Y,False,False,False,False,228.443032320304,193.372128075364,361.869967986816,10,0,1,0,1,1,1
id:55,55,8V,Astral Aviation,Kenya,Y,True,False,False,False,208.478726215638,162.966299384812,407.155733515114,28,0,1,0,1,1,1
id:3976,3976,9E,Pinnacle Airlines,United States,Y,True,False,False,False,879.102838407836,819.175084428627,1675.77165484659,46,0,1,0,1,1,1
code:9M,,9M,,,,True,False,False,False,374.084959481516,363.096261811603,661.785270967685,46,0,1,0,1,1,1
id:3835,3835,9Q,PB Air,Thailand,Y,False,False,False,False,67.7735955368099,67.7735955368099,121.785014083388,4,0,1,0,1,1,1
id:4691,4691,9R,SATENA,Colombia,Y,True,True,False,True,371.195172153866,334.105562834606,634.064814195972,68,0,1,0,1,1,1
id:19804,19804,A2,All America,United States,Y,False,False,False,False,371.599759309729,364.207131730832,463.186374699244,10,0,1,0,1,1,1
id:4550,4550,A4,Southern Winds Airlines,Argentina,Y,True,False,False,False,413.94217483367,433.333909534623,556.650799985024,20,0,1,0,1,1,1
id:43,43,ABJ,Abaet,Brazil,N,False,False,False,False,392.972799042733,499.515714117568,541.663643568757,3,0,1,0,1,1,1
id:13983,13983,AD,Azul,Brazil,Y,True,True,True,True,699.623876062497,532.585787338787,1452.16404317531,391,0,1,0,1,1,1
id:543,543,B9,Air Bangladesh,Bangladesh,Y,True,False,False,False,757.553636238159,727.078965342464,1151.41000023697,44,0,1,0,1,1,1
id:4740,4740,BC,Skymark Airlines,Japan,Y,True,True,False,True,828.796075499294,819.826717009394,1335.5921637831,58,0,1,0,1,1,1
id:1230,1230,BF,Aero-Service,Republic of the Congo,Y,False,False,False,False,838.074403612981,838.074403612981,1047.35972393268,4,0,1,0,1,1,1
id:2692,2692,BH,Hawkair,Canada,Y,False,False,False,False,557.229579343851,688.170753552125,754.591714827415,8,0,1,0,1,1,1
id:3850,3850,BL,Jetstar Pacific,Vietnam,Y,False,False,False,False,664.998819642291,628.397629985948,1126.49266039155,18,0,1,0,1,1,1
id:3613,3613,CE,Nationwide Airlines,South Africa,Y,False,False,False,False,383.00505262089,368.758144700664,491.718003804389,10,0,1,0,1,1,1
id:9829,9829,CN,Canadian National Airways,Canada,Y,False,False,False,False,1245.35130571038,1110.53859285874,1761.19239670403,8,2,1,0,1,1,1
id:2585,2585,DC,Golden Air,Sweden,Y,False,False,False,False,359.897812301023,378.107278523703,432.021475456525,18,0,1,0,1,1,1
id:11963,11963,DZ,Starline.kz,Kazakhstan,Y,False,False,False,False,1060.29602266585,1060.29602266585,1104.35599080458,4,0,1,0,1,1,1
id:2324,2324,EF,Far Eastern Air Transport,Taiwan,Y,False,False,False,False,867.878337381483,847.799757306953,1247.06790008154,8,0,1,0,1,1,1
id:2193,2193,EU,Empresa Ecuatoriana De Aviacion,Ecuador,Y,True,True,False,True,1014.86760613304,964.345166373085,1562.91069202711,76,0,1,0,1,1,1
id:21012,21012,F5,Fly One,Moldova,Y,False,False,False,False,326.28425506408,316.651359832155,354.931478329524,5,0,1,0,1,1,1
id:2826,2826,FW,Ibex Airlines,Japan,Y,True,False,False,False,587.107714390075,522.149840354605,1018.64927976322,32,0,1,0,1,1,1
id:35,35,G4,Allegiant Air,United States,Y,True,True,True,True,1535.64817846499,1557.80768020881,2207.56257410022,378,0,1,0,1,1,1
id:15837,15837,G5,Huaxia,China,Y,True,True,False,True,581.139528891617,541.236004714017,1004.96713990908,86,4,1,0,1,1,1
id:2575,2575,G8,Go Air,India,Y,True,True,False,True,927.254074160551,911.329750622262,1475.00689111461,77,0,1,0,1,1,1
id:14118,14118,GK,Genesis,Pakistan,Y,True,False,False,False,852.629425428451,809.216405539848,1169.48422311671,28,0,1,0,1,1,1
id:1492,1492,GQ,Big Sky Airlines,United States,N,True,False,False,False,270.009003555562,258.530710953576,529.601230675927,36,0,1,0,1,1,1
id:386,386,GV,Aero Flight,Germany,Y,True,False,False,False,152.157664075338,104.682824136817,303.068141327352,26,0,1,0,1,1,1
id:4234,4234,GZ,Air Rarotonga,Cook Islands,Y,False,False,False,False,245.992009003593,263.768914098266,282.1647587185,11,0,1,0,1,1,1
id:2094,2094,H7,Eagle Air,Uganda,Y,False,False,False,False,375.004728041078,375.004728041078,375.004728041078,2,0,1,0,1,1,1
id:2765,2765,HD,Hokkaido International Airlines,Japan,Y,True,False,False,False,826.565475709879,841.304427439566,1064.4577945483,26,0,1,0,1,1,1
id:319,319,HM,Air Seychelles,Seychelles,Y,False,False,False,False,43.7276452665831,43.7276452665831,43.7276452665831,2,0,1,0,1,1,1
id:16707,16707,HN,Hankook Airline,South Korea,Y,False,False,False,False,467.893794691492,462.694487276033,641.956471395467,6,0,1,0,1,1,1
code:HS,,HS,,,,False,False,False,False,300.67846449649,294.44460984267,478.829218202405,18,0,1,0,1,1,1
id:2748,2748,HW,Hello,Switzerland,Y,False,False,False,False,231.507123007527,136.11844438447,535.821647781532,10,0,1,0,1,1,1
id:19944,19944,I4,International AirLink,Jamaica,Y,False,False,False,False,89.3780504859775,89.3780504859775,89.3780504859775,2,0,1,0,1,1,1
id:10955,10955,I6,MexicanaLink,Mexico,Y,True,False,False,False,787.691963935142,724.614777589338,1095.98374700034,20,0,1,0,1,1,1
id:18828,18828,I8,IzAvia,Russia,Y,False,False,False,False,1133.08033494727,1180.63188455147,1723.77848306565,8,0,1,0,1,1,1
id:2896,2896,ID,Interlink Airlines,South Africa,Y,False,False,False,False,1585.55278969786,1120.08839641867,3081.64442572007,16,0,1,0,1,1,1
id:10121,10121,IL,Illinois Airways,United States,N,True,False,False,False,407.68995199645,421.080662325878,590.471153483587,22,0,1,0,1,1,1
id:3734,3734,J3,Northwestern Air,Canada,Y,False,False,False,False,432.979727713496,401.02329974318,781.162387212203,18,0,1,0,1,1,1
id:10737,10737,J4,ALAK,Russia,Y,False,False,False,False,870.76161693965,858.812702227996,1110.46962956199,8,0,1,0,1,1,1
id:10912,10912,J5,Alaska Seaplane Service,United States,Y,False,False,False,False,87.1379486220675,94.6728211645953,130.019123785901,11,0,1,0,1,1,1
id:2731,2731,JB,Helijet,Canada,Y,False,False,False,False,98.7883045660718,98.7883045660718,98.7883045660718,2,0,1,0,1,1,1
id:6557,6557,JD,Japan Air System,Japan,Y,True,True,True,True,1195.15916451362,1135.14547932068,1929.21222426609,214,0,1,0,1,1,1
id:13200,13200,JH,Fuji Dream Airlines,Japan,Y,False,False,False,False,616.526149166993,620.272589701732,837.925570468596,18,0,1,0,1,1,1
id:1434,1434,JV,Bearskin Lake Air Service,Canada,Y,True,False,False,False,267.293345909826,220.536573216219,535.548285195341,39,0,1,0,1,1,1
id:20963,20963,K3,Atlantic Air Cargo,United States,N,False,False,False,False,57.4346292011613,72.4772134615089,82.61771567619,5,0,1,0,1,1,1
id:10765,10765,K5,SeaPort Airlines,United States,Y,True,False,False,False,209.424842357384,209.887908943444,367.2124534811,39,0,1,0,1,1,1
id:11808,11808,K8,Zambia Skyways,Zambia,Y,False,False,False,False,164.810199614101,155.618042403084,260.942803790746,8,0,1,0,1,1,1
id:10741,10741,KN,China United,China,Y,True,True,False,True,1050.16334018037,1026.67805217447,1839.48033667897,98,0,1,0,1,1,1
id:109,109,KO,Alaska Central Express,United States,Y,False,False,False,False,312.161150465661,312.161150465661,312.161150465661,2,0,1,0,1,1,1
id:3935,3935,KS,Peninsula Airways,United States,Y,True,False,False,False,590.61227169295,518.589736090004,1229.41898062312,28,0,1,0,1,1,1
id:13704,13704,KY,KSY,Greece,Y,True,True,False,True,1129.47684989407,1139.4877193488,1813.37408222421,50,0,1,0,1,1,1
id:3287,3287,LM,Linhas A,Mozambique,Y,True,False,False,False,29.3408069169929,26.9753322548847,44.7068489933843,20,0,1,0,1,1,1
id:3197,3197,LR,LACSA,Costa Rica,Y,False,False,False,False,55.6481693977115,55.6481693977115,85.2464947946829,2,0,1,0,1,1,1
id:3865,3865,LW,Pacific Wings,United States,Y,False,False,False,False,234.495407923853,234.495407923853,370.684033053589,4,0,1,0,1,1,1
id:3123,3123,M5,Kenmore Air,United States,Y,False,False,False,False,101.088041556641,110.930550532228,132.210205245338,5,0,1,0,1,1,1
id:246,246,M6,Amerijet International,United States,N,False,False,False,False,316.838826132932,242.969028928852,468.61546856782,7,0,1,0,1,1,1
id:1829,1829,MN,Comair,South Africa,Y,False,False,False,False,945.112103678196,1040.56676536208,1275.24352461648,14,0,1,0,1,1,1
id:502,502,MO,Abu Dhabi Amiri Flight,United Arab Emirates,Y,True,False,False,False,472.887779778659,290.901053189405,1002.83038823197,47,0,1,0,1,1,1
id:3437,3437,MW,Maya Island Air,Belize,Y,False,False,False,False,104.82507576391,127.505657664423,153.202010769512,19,0,1,0,1,1,1
id:3498,3498,MY,Midwest Airlines (Egypt),Egypt,Y,False,False,False,False,54.8783559290127,54.8783559290127,54.8783559290127,2,0,1,0,1,1,1
id:3574,3574,NHG,NHT Lineas Aereas,Brazil,N,True,False,False,False,218.205041389914,224.989879566155,347.877086115974,31,0,1,0,1,1,1
id:16136,16136,NS,Caucasus Airlines,Georgia,Y,True,True,False,True,986.485149411646,991.536414463436,1660.81493548752,62,0,1,0,1,1,1
id:2990,2990,NU,Japan Transocean Air,Japan,Y,True,False,False,False,1086.35309298019,1169.48422311671,1832.75357682415,22,0,1,0,1,1,1
code:O4,,O4,,,,False,False,False,False,287.343774516342,254.277087972843,446.094317857877,8,0,1,0,1,1,1
id:3764,3764,O6,Oceanair,Brazil,Y,True,True,True,True,1102.18277811168,1018.35656162073,1955.22987095272,104,0,1,0,1,1,1
id:11794,11794,OC,Catovair,Mauritius,Y,False,False,False,False,135.405211925119,133.116078438581,182.090413514756,8,0,1,0,1,1,1
id:3781,3781,OY,Omni Air International,United States,Y,False,False,False,False,1178.05183322952,1178.05183322952,1275.97092802501,4,0,1,0,1,1,1
code:P1,,P1,,,,False,False,False,False,895.15026695321,895.15026695321,895.15026695321,2,0,1,0,1,1,1
code:P6,,P6,,,,True,False,False,False,374.256358044707,352.303204889276,730.623175697332,38,0,1,0,1,1,1
id:11763,11763,P9,Peruvian Airlines,Peru,Y,False,False,False,False,635.436274648142,602.156162632736,928.558434399367,16,0,1,0,1,1,1
code:PB,,PB,,,,True,False,False,False,380.231490873095,366.22002655651,767.717933735409,46,0,1,0,1,1,1
id:3969,3969,PI,Piedmont Airlines (1948-1989),United States,Y,False,False,False,False,1181.19135560609,1152.49486408976,1611.85857726926,8,0,1,0,1,1,1
id:179,179,PL,Aeroper,Peru,Y,False,False,False,False,205.269744769995,186.520385158809,317.21238065231,14,0,1,0,1,1,1
id:12978,12978,PN,West Air China,China,Y,True,True,False,True,1143.67474277054,1105.81321090127,1620.68117399855,90,0,1,0,1,1,1
id:14061,14061,PQ,LSM Airlines,Russia,Y,False,False,False,False,625.965096774558,566.945495164614,963.773113710168,6,0,1,0,1,1,1
id:753,753,Q6,Aero Condor Peru,Peru,Y,True,True,False,True,348.954207114334,301.306982797487,650.859782955601,58,0,1,0,1,1,1
id:11838,11838,Q9,Arik Niger,Niger,Y,True,False,False,False,269.120051945403,265.444149660539,493.608230206815,20,0,1,0,1,1,1
id:2541,2541,QB,Georgian National Airlines,Georgia,Y,False,False,False,False,305.847945525412,305.847945525412,361.746895417976,4,0,1,0,1,1,1
id:5368,5368,RG,VRG Linhas Aereas,Brazil,Y,False,False,False,False,206.147887170169,197.027653435521,301.042914132441,8,0,1,0,1,1,1
id:2226,2226,RZ,Euro Exec Express,Sweden,Y,False,False,False,False,136.589662085453,154.822427628833,189.05929733173,15,2,1,0,1,1,1
id:241,241,S2,Air Sahara,India,Y,False,False,False,False,363.024445962963,363.024445962963,363.024445962963,1,0,1,0,1,1,1
id:4822,4822,S5,Shuttle America,United States,Y,False,False,False,False,197.151811472862,166.319389428319,296.031905484751,14,0,1,0,1,1,1
id:10675,10675,SH,Sharp Airlines,Australia,Y,False,False,False,False,227.081603259549,200.345385650395,314.328929505416,10,0,1,0,1,1,1
id:4429,4429,SP,SATA Air Acores,Portugal,Y,True,False,False,False,203.676773330989,199.79115538506,357.023676229521,28,0,1,0,1,1,1
id:2418,2418,TE,FlyLal,Lithuania,Y,False,False,False,False,171.182653333652,156.663134212832,278.314029411533,11,0,1,0,1,1,1
id:4937,4937,TT,Tiger Airways Australia,Australia,Y,True,False,False,False,1551.1019547891,1453.92408535773,2700.74551170294,42,0,1,0,1,1,1
id:5333,5333,TV,Virgin Express,Belgium,Y,True,False,False,False,1138.67169908029,1312.13094596771,1596.42344169463,38,4,1,0,1,1,1
id:2825,2825,TY,Iberworld,Spain,Y,True,False,False,False,175.289093560879,183.046278051367,281.676937426886,23,0,1,0,1,1,1
id:2757,2757,UD,Hex'Air,France,Y,False,False,False,False,418.437807374932,418.437807374932,418.437807374932,2,0,1,0,1,1,1
id:4165,4165,V4,Reem Air,Kyrgyzstan,N,False,False,False,False,70.9463147445013,70.9463147445013,70.9463147445013,2,0,1,0,1,1,1
id:9666,9666,VH,Virgin Pacific,Fiji,Y,False,False,False,False,419.873821463189,436.210990886207,529.246995517545,12,0,1,0,1,1,1
id:11948,11948,VQ,Viking Hellas,Greece,Y,False,False,False,False,219.857260801764,211.429607848854,310.673208752946,8,0,1,0,1,1,1
id:16660,16660,W4,AeroWorld ,Russia,Y,False,False,False,False,376.353068510716,342.749262020662,552.014461060267,12,0,1,0,1,1,1
id:5399,5399,WJ,WebJet Linhas A,Brazil,Y,True,False,False,False,121.751574369113,105.543324988557,318.546377490396,26,0,1,0,1,1,1
id:8809,8809,WP,Island Air (WP),United States,Y,False,False,False,False,147.511284413833,161.948401518607,163.372482612082,6,0,1,0,1,1,1
code:WT,,WT,,,,True,True,False,True,221.822819695251,170.252990077864,433.500262088571,75,0,1,0,1,1,1
id:1775,1775,X7,Chitaavia,Russia,N,False,False,False,False,153.701942185143,153.701942185143,153.701942185143,2,0,1,0,1,1,1
id:16725,16725,Y8,Marusya Airways,Russia,Y,True,False,False,False,504.520354353487,523.385204975655,744.526345965638,30,0,1,0,1,1,1
code:YJ,,YJ,,,,False,False,False,False,361.31641585951,432.546073400275,520.843479382042,14,0,1,0,1,1,1
code:YN,,YN,,,,True,False,False,False,243.197799192387,212.172504651196,451.413258548485,36,0,1,0,1,1,1
id:17519,17519,YR,SENIC AIRLINES,United States,Y,False,False,False,False,125.02897169044,125.02897169044,125.02897169044,2,0,1,0,1,1,1
id:16133,16133,YT,Yeti Airways,Nepal,Y,False,False,False,False,249.176566237615,212.298095910424,424.07122319688,16,0,1,0,1,1,1
id:1266,1266,Z3,Avient Aviation,Zimbabwe,Y,False,False,False,False,26.4203342984056,26.4203342984056,26.4203342984056,2,0,1,0,1,1,1
id:18825,18825,Z9,Flightlink Tanzania,Tanzania,Y,False,False,False,False,1198.93912403803,1168.98415512192,2009.33797718353,8,0,1,0,1,1,1
id:2607,2607,ZK,Great Lakes Airlines,United States,Y,True,True,False,True,361.531123668159,356.139602269567,573.248228170028,53,0,1,0,1,1,1
id:4178,4178,ZL,Regional Express,Australia,Y,True,True,False,True,372.064597965451,353.072339209323,669.312364741763,88,0,1,0,1,1,1
id:1392,1392,A8,Benin Golf Air,Benin,N,False,False,False,False,,,,0,2,,,0,0,0
id:10,10,Q5,40-Mile Air,United States,Y,False,False,False,False,,,,0,2,,,0,0,0
