airline_key,airline_id,airline_code,airline_name,airline_country,airline_active,comparison_threshold_20,comparison_threshold_50,comparison_threshold_100,dashboard_default_eligible,directed_route_presences,distinct_origin_airports,distinct_destination_airports,distinct_airports,distinct_countries,domestic_route_presence_share,international_route_presence_share,reciprocal_route_share,codeshare_route_presence_share
id:4296,4296,FR,Ryanair,Ireland,Y,True,True,True,True,2484,176,176,176,29,0.108695652173913,0.891304347826087,1,0
id:5265,5265,US,US Airways,United States,Y,True,True,True,True,1446,268,275,280,59,0.647994467496542,0.352005532503458,0.957123098201936,0.262244897959184
id:24,24,AA,American Airlines,United States,Y,True,True,True,True,1265,251,256,259,64,0.584189723320158,0.415810276679842,0.967588932806324,0.462159863945578
id:1767,1767,CZ,China Southern Airlines,China,Y,True,True,True,True,1232,183,184,184,39,0.790584415584416,0.209415584415584,0.998376623376623,0.147994467496542
id:2009,2009,DL,Delta Air Lines,United States,Y,True,True,True,True,1146,226,229,230,60,0.643106457242583,0.356893542757417,0.951134380453752,0.421504290762241
id:2297,2297,U2,easyJet,United Kingdom,Y,True,True,True,True,1130,128,128,128,35,0.12212389380531,0.87787610619469,1,0
id:4547,4547,WN,Southwest Airlines,United States,Y,True,True,True,True,1098,88,89,89,2,0.990892531876138,0.00910746812386154,0.996357012750455,0.0418848167539267
id:1758,1758,MU,China Eastern Airlines,China,Y,True,True,True,True,1042,189,189,189,33,0.744721689059501,0.255278310940499,0.998080614203455,0.167066346922462
id:5209,5209,UA,United Airlines,United States,Y,True,True,True,True,905,183,181,184,61,0.514917127071823,0.485082872928177,0.983425414364641,0.584481175390266
id:751,751,CA,Air China,China,Y,True,True,True,True,778,166,166,166,38,0.688946015424165,0.311053984575835,1,0.37459807073955
id:214,214,AB,Air Berlin,Germany,Y,True,True,True,True,682,116,117,117,35,0.095307917888563,0.904692082111437,0.98533724340176,0.145363408521303
id:3737,3737,DY,Norwegian Air Shuttle,Norway,Y,True,True,True,True,552,97,97,97,34,0.108695652173913,0.891304347826087,1,0.0416666666666667
id:4951,4951,TK,Turkish Airlines,Turkey,Y,True,True,True,True,534,239,238,239,104,0.159176029962547,0.840823970037453,0.951310861423221,0.178461538461538
id:2660,2660,HU,Hainan Airlines,China,Y,True,True,True,True,523,100,99,102,22,0.835564053537285,0.164435946462715,0.986615678776291,0.054249547920434
id:3320,3320,LH,Lufthansa,Germany,Y,True,True,True,True,507,169,169,170,73,0.0946745562130177,0.905325443786982,0.998027613412229,0.450704225352113
id:8745,8745,TO,Transavia France,France,Y,True,True,True,True,488,80,83,83,21,0.00614754098360656,0.993852459016393,0.942622950819672,0
id:2548,2548,4U,Germanwings,Germany,Y,True,True,True,True,470,104,104,104,26,0.114893617021277,0.885106382978723,1,0
id:5461,5461,W6,Wizz Air,Hungary,Y,True,True,True,True,453,80,80,80,33,0,1,0.997792494481236,0
id:137,137,AF,Air France,France,Y,True,True,True,True,450,170,170,171,91,0.188888888888889,0.811111111111111,0.964444444444444,0.579045837231057
id:130,130,SU,Aeroflot Russian Airlines,Russia,Y,True,True,True,True,448,148,148,148,56,0.352678571428571,0.647321428571429,1,0.0528541226215645
id:4319,4319,SK,Scandinavian Airlines System,Sweden,Y,True,True,True,True,405,104,104,104,31,0.195061728395062,0.804938271604938,0.987654320987654,0.196428571428571
id:3029,3029,B6,JetBlue Airways,United States,Y,True,True,True,True,399,86,86,86,22,0.596491228070175,0.403508771929825,0.99749373433584,0
id:4611,4611,ZH,Shenzhen Airlines,China,Y,True,True,True,True,397,67,67,67,8,0.944584382871537,0.0554156171284634,0.997481108312343,0.501882057716437
id:13983,13983,AD,Azul,Brazil,Y,True,True,True,True,391,101,101,101,1,1,0,0.976982097186701,0.00508905852417303
id:4608,4608,3U,Sichuan Airlines,China,Y,True,True,True,True,388,84,84,84,9,0.922680412371134,0.0773195876288659,1,0
id:5484,5484,MF,Xiamen Airlines,China,Y,True,True,True,True,386,63,63,63,9,0.854922279792746,0.145077720207254,1,0
id:2439,2439,VY,Formosa Airlines,Taiwan,Y,True,True,True,True,384,100,100,100,28,0.276041666666667,0.723958333333333,1,0
id:35,35,G4,Allegiant Air,United States,Y,True,True,True,True,378,94,95,95,1,1,0,0.994708994708995,0
id:1355,1355,BA,British Airways,United Kingdom,Y,True,True,True,True,370,174,174,174,82,0.0513513513513514,0.948648648648649,0.994594594594595,0.323583180987203
id:4533,4533,SV,Saudi Arabian Airlines,Saudi Arabia,Y,True,True,True,True,366,88,89,89,37,0.316939890710383,0.683060109289617,0.907103825136612,0.0213903743315508
id:690,690,GS,Air Foyle,United Kingdom,Y,True,True,True,True,358,92,92,92,3,0.972067039106145,0.0279329608938548,1,0
id:1790,1790,G3,City Connexion Airlines,Burundi,Y,True,True,True,True,332,68,68,68,10,0.86144578313253,0.13855421686747,1,0
id:596,596,AZ,Alitalia,Italy,Y,True,True,True,True,327,117,119,121,60,0.262996941896024,0.737003058103975,0.960244648318043,0.627137970353478
id:330,330,AC,Air Canada,Canada,Y,True,True,True,True,321,102,102,104,43,0.224299065420561,0.775700934579439,0.953271028037383,0.54468085106383
id:1868,1868,DE,Condor Flugdienst,Germany,Y,True,True,True,True,311,59,60,60,29,0.00643086816720257,0.993569131832797,0.938906752411576,0.0688622754491018
id:4599,4599,SC,Shandong Airlines,China,Y,True,True,True,True,310,59,59,59,5,0.916129032258065,0.0838709677419355,1,0.0127388535031847
id:218,218,AI,Air India Limited,India,Y,True,True,True,True,306,89,89,89,23,0.663398692810457,0.336601307189543,0.954248366013072,0.166212534059946
id:4867,4867,JJ,TAM Brazilian Airlines,Brazil,Y,True,True,True,True,305,63,64,64,17,0.783606557377049,0.216393442622951,0.99672131147541,0.0813253012048193
id:5416,5416,WS,WestJet,Canada,Y,True,True,True,True,305,76,76,76,18,0.498360655737705,0.501639344262295,0.99672131147541,0.105571847507331
id:3026,3026,LS,Jet2.com,United Kingdom,Y,True,True,True,True,302,46,46,46,16,0,1,1,0
id:324,324,NH,All Nippon Airways,Japan,Y,True,True,True,True,297,83,82,83,17,0.609427609427609,0.390572390572391,0.996632996632997,0.451016635859519
id:5067,5067,UN,Transaero Airlines,Russia,Y,True,True,True,True,282,100,101,101,36,0.283687943262411,0.716312056737589,0.978723404255319,0.06
id:3163,3163,KE,Korean Air,Republic of Korea,Y,True,True,True,True,278,111,112,112,43,0.143884892086331,0.856115107913669,0.971223021582734,0.0479452054794521
id:2183,2183,EK,Emirates,United Arab Emirates,Y,True,True,True,True,269,126,126,126,74,0,1,0.988847583643123,0.0627177700348432
id:4091,4091,QR,Qatar Airways,Qatar,Y,True,True,True,True,251,127,126,127,71,0.0199203187250996,0.9800796812749,0.98804780876494,0.0905797101449275
id:515,515,AV,Avianca - Aerovias Nacionales de Colombia,AVIANCA,Y,True,True,True,True,243,69,68,69,25,0.263374485596708,0.736625514403292,0.995884773662551,0.15034965034965
id:4687,4687,NK,Spirit Airlines,United States,Y,True,True,True,True,242,54,54,54,18,0.752066115702479,0.247933884297521,1,0
id:3926,3926,PC,Pegasus Airlines,Turkey,Y,True,True,True,True,242,82,82,82,32,0.380165289256198,0.619834710743802,0.991735537190083,0
id:3871,3871,PK,Pakistan International Airlines,Pakistan,Y,True,True,True,True,242,53,53,53,23,0.330578512396694,0.669421487603306,0.942148760330578,0
id:4329,4329,S7,S7 Airlines,Russia,Y,True,True,True,True,242,89,91,91,26,0.396694214876033,0.603305785123967,0.983471074380165,0.138790035587189
id:439,439,AS,Alaska Airlines,ALASKA,Y,True,True,True,True,238,68,68,68,3,0.882352941176471,0.117647058823529,0.991596638655462,0.550943396226415
id:4248,4248,AT,Royal Air Maroc,Morocco,Y,True,True,True,True,234,82,81,82,47,0.106837606837607,0.893162393162393,0.923076923076923,0.0168067226890756
id:5039,5039,HV,Transavia Holland,Netherlands,Y,True,True,True,True,233,80,80,80,20,0.0815450643776824,0.918454935622318,0.8068669527897,0
id:5234,5234,U6,Ural Airlines,Russia,Y,True,True,True,True,232,60,60,60,18,0.245689655172414,0.754310344827586,0.974137931034483,0
id:28,28,OZ,Asiana Airlines,Republic of Korea,Y,True,True,True,True,227,97,96,97,31,0.118942731277533,0.881057268722467,0.995594713656388,0.126923076923077
id:794,794,AH,Air Algerie,Algeria,Y,True,True,True,True,226,63,63,63,26,0.36283185840708,0.63716814159292,0.973451327433628,0
id:2681,2681,X3,TUIfly,Germany,Y,True,True,True,True,226,31,31,31,8,0.0265486725663717,0.973451327433628,0.911504424778761,0
id:2520,2520,GA,Garuda Indonesia,Indonesia,Y,True,True,True,True,224,66,66,66,14,0.669642857142857,0.330357142857143,1,0.0967741935483871
id:2220,2220,ET,Ethiopian Airlines,Ethiopia,Y,True,True,True,True,216,94,93,94,61,0.185185185185185,0.814814814814815,0.888888888888889,0.347432024169184
id:6557,6557,JD,Japan Air System,Japan,Y,True,True,True,True,214,49,49,49,1,1,0,1,0
id:96,96,A3,Aegean Airlines,Greece,Y,True,True,True,True,213,74,74,75,26,0.394366197183099,0.605633802816901,0.995305164319249,0.0405405405405405
id:2421,2421,BE,Flybe,United Kingdom,Y,True,True,True,True,213,60,59,60,15,0.370892018779343,0.629107981220657,0.995305164319249,0.205223880597015
id:3090,3090,KL,KLM Royal Dutch Airlines,Netherlands,Y,True,True,True,True,210,107,108,108,64,0.0142857142857143,0.985714285714286,0.914285714285714,0.746987951807229
id:220,220,ZB,Air Bourbon,Reunion,Y,True,True,True,True,210,37,37,37,14,0,1,1,0
id:5439,5439,WF,Widerøe,Norway,Y,True,True,True,True,205,47,47,47,4,0.921951219512195,0.0780487804878048,0.926829268292683,0
id:1680,1680,CX,Cathay Pacific,Hong Kong SAR of China,Y,True,True,True,True,203,94,94,94,35,0.00985221674876847,0.990147783251232,0.985221674876847,0.037914691943128
id:2850,2850,6E,IndiGo Airlines,India,Y,True,True,True,True,199,35,35,35,6,0.899497487437186,0.100502512562814,0.974874371859296,0
id:5325,5325,Y4,Volaris,Mexico,Y,True,True,True,True,197,47,47,47,2,0.756345177664975,0.243654822335025,0.99492385786802,0
id:2143,2143,MS,Egyptair,Egypt,Y,True,True,True,True,195,80,79,80,52,0.128205128205128,0.871794871794872,0.994871794871795,0.0487804878048781
id:2468,2468,F9,Frontier Airlines,United States,Y,True,True,True,True,192,70,70,70,5,0.78125,0.21875,1,0.127272727272727
id:5309,5309,VN,Vietnam Airlines,Vietnam,Y,True,True,True,True,192,50,50,50,18,0.354166666666667,0.645833333333333,1,0.0813397129186603
id:3378,3378,MH,Malaysia Airlines,Malaysia,Y,True,True,True,True,188,77,77,79,35,0.25,0.75,0.957446808510638,0.43030303030303
id:2987,2987,JL,Japan Airlines,Japan,Y,True,True,True,True,186,72,72,72,23,0.408602150537634,0.591397849462366,1,0.518134715025907
id:1683,1683,5J,Cebu Pacific,Philippines,Y,True,True,True,True,184,56,56,56,15,0.630434782608696,0.369565217391304,1,0
id:2922,2922,IR,Iran Air,Iran,Y,True,True,True,True,182,52,51,52,23,0.60989010989011,0.39010989010989,0.989010989010989,0
id:576,576,AK,AirAsia,Malaysia,Y,True,True,True,True,180,58,58,58,15,0.4,0.6,1,0
id:4609,4609,FM,Shanghai Airlines,China,Y,True,True,True,True,179,72,72,72,7,0.854748603351955,0.145251396648045,0.994413407821229,0.0529100529100529
id:4559,4559,LX,Swiss International Air Lines,Switzerland,Y,True,True,True,True,178,74,74,74,39,0.0112359550561798,0.98876404494382,1,0.386206896551724
id:2822,2822,IB,Iberia Airlines,Spain,Y,True,True,True,True,177,77,77,77,34,0.186440677966102,0.813559322033898,0.96045197740113,0.787003610108303
id:4089,4089,QF,Qantas,Australia,Y,True,True,True,True,175,48,47,48,17,0.582857142857143,0.417142857142857,0.982857142857143,0.593023255813954
id:2350,2350,AY,Finnair,Finland,Y,True,True,True,True,174,75,79,79,32,0.0747126436781609,0.925287356321839,0.954022988505747,0.469512195121951
id:2222,2222,EY,Etihad Airways,United Arab Emirates,Y,True,True,True,True,174,84,84,84,55,0.0114942528735632,0.988505747126437,0.988505747126437,0.230088495575221
id:837,837,EI,Aer Lingus,Ireland,Y,True,True,True,True,172,67,67,67,22,0.0232558139534884,0.976744186046512,1,0.238938053097345
id:2923,2923,EP,Iran Aseman Airlines,Iran,Y,True,True,True,True,169,47,47,47,10,0.698224852071006,0.301775147928994,0.982248520710059,0
id:1316,1316,FL,AirTran Airways,United States,Y,True,True,True,True,169,49,49,50,6,0.727810650887574,0.272189349112426,0.923076923076923,0.767217630853995
id:3290,3290,JT,Lion Mentari Airlines,Indonesia,Y,True,True,True,True,168,38,39,39,5,0.94047619047619,0.0595238095238095,0.976190476190476,0.308641975308642
id:3052,3052,JQ,Jetstar Airways,Australia,Y,True,True,True,True,163,33,33,33,8,0.638036809815951,0.361963190184049,0.993865030674847,0
id:4375,4375,SG,Spicejet,India,Y,True,True,True,True,162,44,44,44,7,0.876543209876543,0.123456790123457,1,0
id:4940,4940,TG,Thai Airways International,Thailand,Y,True,True,True,True,162,77,77,77,40,0.135802469135802,0.864197530864198,1,0.151832460732984
id:321,321,AM,AeroMéxico,Mexico,Y,True,True,True,True,161,66,66,67,21,0.484472049689441,0.515527950310559,0.968944099378882,0.626450116009281
id:3000,3000,9W,Jet Airways,India,Y,True,True,True,True,157,49,48,49,18,0.401273885350318,0.598726114649682,0.980891719745223,0.431159420289855
id:4869,4869,TP,TAP Portugal,Portugal,Y,True,True,True,True,156,68,65,68,34,0.115384615384615,0.884615384615385,0.961538461538462,0.318777292576419
id:15999,15999,9C,China SSS,China,Y,True,True,True,True,155,51,50,51,10,0.8,0.2,0.941935483870968,0
id:1756,1756,CI,China Airlines,Taiwan,Y,True,True,True,True,154,67,67,68,26,0.00649350649350649,0.993506493506494,0.987012987012987,0.0941176470588235
id:5281,5281,HY,Uzbekistan Airways,Uzbekistan,Y,True,True,True,True,150,51,51,51,22,0.14,0.86,0.973333333333333,0.00662251655629139
id:1889,1889,CM,Copa Airlines,Panama,Y,True,True,True,True,149,64,64,64,28,0.100671140939597,0.899328859060403,0.993288590604027,0.190217391304348
id:4870,4870,TU,Tunisair,Tunisia,Y,True,True,True,True,149,54,54,54,27,0,1,0.993288590604027,0
id:1203,1203,A5,Airlinair,France,Y,True,True,True,True,148,44,44,44,8,0.783783783783784,0.216216216216216,1,0
id:14485,14485,FZ,Fly Dubai,United Arab Emirates,Y,True,True,True,True,146,65,65,65,35,0.00684931506849315,0.993150684931507,0.986301369863014,0
id:3081,3081,HO,Juneyao Airlines,China,Y,True,True,True,True,145,53,53,53,7,0.848275862068966,0.151724137931034,0.979310344827586,0
id:90,90,UX,Air Europa,Spain,Y,True,True,True,True,141,53,52,53,23,0.546099290780142,0.453900709219858,0.950354609929078,0.107594936708861
id:5013,5013,TOM,Thomsonfly,United Kingdom,Y,True,True,True,True,139,34,35,36,15,0,1,0.920863309352518,0
id:1531,1531,SN,Brussels Airlines,Belgium,Y,True,True,True,True,138,68,68,68,36,0.0144927536231884,0.985507246376812,0.884057971014493,0.273684210526316
id:3952,3952,PR,Philippine Airlines,Philippines,Y,True,True,True,True,136,64,64,64,19,0.455882352941176,0.544117647058824,1,0.0555555555555556
id:20577,20577,V7,VOLOTEA Airways,Spain,Y,True,True,True,True,136,38,38,38,6,0.676470588235294,0.323529411764706,1,0
id:4435,4435,SQ,Singapore Airlines,Singapore,Y,True,True,True,True,132,65,65,65,36,0.0454545454545455,0.954545454545455,1,0.371428571428571
id:2942,2942,8L,Cargo Plus Aviation,United Arab Emirates,Y,True,True,True,True,130,45,45,45,2,0.984615384615385,0.0153846153846153,1,0
id:329,329,G9,Air Arabia,United Arab Emirates,Y,True,True,True,True,128,65,65,65,23,0,1,1,0
id:3126,3126,KQ,Kenya Airways,Kenya,Y,True,True,True,True,125,53,53,53,40,0.08,0.92,0.944,0.119718309859155
id:3200,3200,LA,LAN Airlines,Chile,Y,True,True,True,True,125,49,52,52,17,0.416,0.584,0.8,0.56140350877193
id:4897,4897,TCX,Thomas Cook Airlines,United Kingdom,Y,True,True,True,True,125,25,26,28,12,0,1,0.864,0
id:5282,5282,PS,Ukraine International Airlines,Ukraine,Y,True,True,True,True,119,50,50,50,28,0.100840336134454,0.899159663865546,0.991596638655462,0.062992125984252
id:1006,1006,KC,Air Astana,Kazakhstan,Y,True,True,True,True,116,38,38,38,20,0.327586206896552,0.672413793103448,1,0.0169491525423729
id:17885,17885,4O,Interjet (ABC Aerolineas),Mexico,Y,True,True,True,True,112,43,43,43,6,0.75,0.25,1,0
id:4259,4259,RJ,Royal Jordanian,Jordan,Y,True,True,True,True,112,55,55,55,36,0.0357142857142857,0.964285714285714,1,0.0508474576271186
id:3661,3661,HG,Niki,Austria,Y,True,True,True,True,111,46,46,46,16,0.027027027027027,0.972972972972973,0.954954954954955,0
id:333,333,BT,Air Baltic,Latvia,Y,True,True,True,True,108,53,53,53,31,0,1,1,0.0357142857142857
id:3329,3329,LG,Luxair,Luxembourg,Y,True,True,True,True,108,52,54,54,20,0.0925925925925926,0.907407407407407,0.907407407407407,0.0181818181818182
id:1317,1317,TS,Air Transat,Canada,Y,True,True,True,True,107,36,35,38,16,0.102803738317757,0.897196261682243,0.85981308411215,0.22463768115942
id:4026,4026,BK,Potomac Air,United States,Y,True,True,True,True,106,38,38,38,2,0.962264150943396,0.0377358490566038,1,0
id:4454,4454,SJ,Sriwijaya Air,Indonesia,Y,True,True,True,True,106,38,38,38,2,0.981132075471698,0.0188679245283019,1,0
id:412,412,AR,Aerolineas Argentinas,Argentina,Y,True,True,True,True,104,40,40,40,13,0.615384615384615,0.384615384615385,1,0.324675324675325
id:3764,3764,O6,Oceanair,Brazil,Y,True,True,True,True,104,24,24,24,1,1,0,1,0
id:2091,2091,BR,EVA Air,Taiwan,Y,True,True,True,True,102,51,51,51,21,0,1,1,0.135593220338983
id:1925,1925,OU,Croatia Airlines,Croatia,Y,True,True,True,True,102,30,30,30,16,0.215686274509804,0.784313725490196,0.96078431372549,0.0892857142857143
id:10646,10646,VB,Birmingham European,United Kingdom,N,True,True,True,True,102,26,26,26,2,0.980392156862745,0.0196078431372549,1,0
id:3754,3754,XY,Nas Air,Saudi Arabia,Y,True,True,True,True,102,29,29,29,12,0.274509803921569,0.725490196078431,1,0.0727272727272727
id:1946,1946,OK,Czech Airlines,Czech Republic,Y,True,True,True,True,101,49,48,49,24,0.099009900990099,0.900990099009901,0.99009900990099,0.0900900900900901
id:3463,3463,IG,Meridiana,Italy,Y,True,True,True,True,100,31,32,33,17,0.41,0.59,0.92,0.421965317919075
id:4573,4573,XQ,SunExpress,Turkey,Y,True,True,False,True,99,35,35,35,9,0.191919191919192,0.808080808080808,0.98989898989899,0
id:10741,10741,KN,China United,China,Y,True,True,False,True,98,48,48,48,1,1,0,1,0
id:3210,3210,LO,LOT Polish Airlines,Poland,Y,True,True,False,True,96,49,49,49,33,0.125,0.875,1,0.2
id:2547,2547,ST,Germania,Germany,Y,True,True,False,True,96,41,41,41,15,0.0416666666666667,0.958333333333333,1,0
id:692,692,VT,Air Tahiti,French Polynesia,Y,True,True,False,True,93,28,28,28,2,0.978494623655914,0.021505376344086,0.860215053763441,0
id:4947,4947,FD,Thai AirAsia,Thailand,Y,True,True,False,True,92,37,37,37,11,0.391304347826087,0.608695652173913,1,0
id:2056,2056,KA,Dragonair,DRAGON,Y,True,True,False,True,92,47,47,47,16,0,1,1,0.0416666666666667
id:3778,3778,WY,Oman Air,Oman,Y,True,True,False,True,92,45,45,45,27,0.0543478260869565,0.945652173913043,0.956521739130435,0.0416666666666667
id:5496,5496,IY,Yemenia,Yemen,Y,True,True,False,True,91,27,26,27,19,0.131868131868132,0.868131868131868,0.923076923076923,0.0520833333333333
id:4750,4750,MI,SilkAir,Singapore,Y,True,True,False,True,91,44,44,44,13,0.032967032967033,0.967032967032967,0.989010989010989,0
id:328,328,PX,Air Niugini,Papua New Guinea,Y,True,True,False,True,91,34,33,34,9,0.714285714285714,0.285714285714286,0.967032967032967,0
id:4305,4305,SA,South African Airways,South Africa,Y,True,True,False,True,91,45,44,45,31,0.197802197802198,0.802197802197802,0.989010989010989,0.54950495049505
id:15837,15837,G5,Huaxia,China,Y,True,True,False,True,90,38,38,38,1,1,0,1,0
id:5038,5038,GE,TransAsia Airways,Taiwan,Y,True,True,False,True,90,34,34,34,8,0.155555555555556,0.844444444444444,1,0.0217391304347826
id:524,524,NF,Air Vanuatu,Vanuatu,Y,True,True,False,True,90,31,31,31,4,0.888888888888889,0.111111111111111,0.977777777777778,0.0217391304347826
id:12978,12978,PN,West Air China,China,Y,True,True,False,True,90,35,35,35,1,1,0,1,0
id:2684,2684,HQ,Harmony Airways,Canada,N,True,True,False,True,88,39,39,39,12,0.0909090909090909,0.909090909090909,0.75,0
id:4178,4178,ZL,Regional Express,Australia,Y,True,True,False,True,88,35,35,35,1,1,0,1,0
id:5179,5179,RO,Tarom,Romania,Y,True,True,False,True,86,40,39,40,25,0.162790697674419,0.837209302325581,0.976744186046512,0.0652173913043478
id:1629,1629,9K,Cape Air,United States,Y,True,True,False,True,84,39,39,39,6,0.80952380952381,0.19047619047619,0.976190476190476,0.0232558139534884
id:1478,1478,B2,Belavia Belarusian Airlines,Belarus,Y,True,True,False,True,80,41,41,41,29,0,1,1,0.024390243902439
id:242,242,KM,Air Malta,Malta,Y,True,True,False,True,80,40,40,40,17,0,1,1,0.0476190476190476
id:345,345,NZ,Air New Zealand,New Zealand,Y,True,True,False,True,80,30,27,31,17,0.2125,0.7875,0.925,0.656652360515021
id:3179,3179,KU,Kuwait Airways,Kuwait,Y,True,True,False,True,79,39,38,39,28,0,1,0.987341772151899,0
id:4349,4349,UL,SriLankan Airlines,Sri Lanka,Y,True,True,False,True,79,38,38,38,22,0.10126582278481,0.89873417721519,0.936708860759494,0.112359550561798
id:4840,4840,DV,Scat Air,Kazakhstan,Y,True,True,False,True,78,26,26,26,6,0.743589743589744,0.256410256410256,1,0
id:1886,1886,V0,Conviasa,Venezuela,Y,True,True,False,True,78,32,32,32,11,0.717948717948718,0.282051282051282,1,0
id:2575,2575,G8,Go Air,India,Y,True,True,False,True,77,21,21,21,1,1,0,0.935064935064935,0
id:19582,19582,JU,Air Serbia,Serbia,Y,True,True,False,True,77,41,41,41,28,0.0779220779220779,0.922077922077922,0.909090909090909,0
id:240,240,AP,Air One,Italy,Y,True,True,False,True,76,24,24,24,11,0.289473684210526,0.710526315789474,1,0.136363636363636
id:2193,2193,EU,Empresa Ecuatoriana De Aviacion,Ecuador,Y,True,True,False,True,76,31,31,31,1,1,0,1,0
id:569,569,IX,Air India Express,India,Y,True,True,False,True,76,21,21,21,9,0.25,0.75,0.894736842105263,0
id:2638,2638,GF,Gulf Air Bahrain,Bahrain,Y,True,True,False,True,75,39,38,39,24,0,1,0.986666666666667,0.025974025974026
code:WT,,WT,,,,True,True,False,True,75,26,26,26,1,1,0,0.72,0
id:4936,4936,TR,Tiger Airways,Singapore,Y,True,True,False,True,74,38,38,38,16,0,1,1,0
id:15814,15814,UR,UTair-Express,Russia,Y,True,True,False,True,74,28,28,28,2,0.972972972972973,0.027027027027027,1,0
id:13088,13088,Y7,NordStar Airlines,Russia,Y,True,True,False,True,74,30,30,30,6,0.783783783783784,0.216216216216216,0.972972972972973,0
id:1308,1308,CG,Airlines PNG,Papua New Guinea,Y,True,True,False,True,73,20,20,20,2,0.972602739726027,0.0273972602739726,0.958904109589041,0
id:2150,2150,LY,El Al Israel Airlines,Israel,Y,True,True,False,True,73,37,37,37,26,0,1,0.986301369863014,0
id:1287,1287,R3,Aircompany Yakutia,Russia,Y,True,True,False,True,73,34,35,35,9,0.657534246575342,0.342465753424658,0.986301369863014,0
id:5360,5360,VA,Virgin Australia,Australia,Y,True,True,False,True,73,31,31,32,8,0.520547945205479,0.479452054794521,0.958904109589041,0.748275862068966
id:2354,2354,7F,First Air,Canada,Y,True,True,False,True,72,32,32,32,1,1,0,0.972222222222222,0.027027027027027
id:1469,1469,7R,BRA-Transportes Aereos,Brazil,N,True,True,False,True,72,32,32,32,4,0.916666666666667,0.0833333333333334,1,0
id:2951,2951,IOS,Isles of Scilly Skybus,United Kingdom,N,True,True,False,True,72,32,32,32,7,0.75,0.25,1,0
id:5133,5133,DT,TAAG Angola Airlines,Angola,Y,True,True,False,True,71,28,28,28,13,0.563380281690141,0.436619718309859,0.957746478873239,0
id:5347,5347,VS,Virgin Atlantic Airways,United Kingdom,Y,True,True,False,True,71,35,34,35,17,0,1,0.985915492957746,0.635897435897436
id:2688,2688,HA,Hawaiian Airlines,United States,Y,True,True,False,True,70,30,31,31,9,0.671428571428571,0.328571428571429,0.942857142857143,0.0540540540540541
id:1066,1066,MD,Air Madagascar,Madagascar,Y,True,True,False,True,69,22,22,22,9,0.608695652173913,0.391304347826087,0.985507246376812,0.08
id:4691,4691,9R,SATENA,Colombia,Y,True,True,False,True,68,30,30,30,1,1,0,1,0
id:20710,20710,3M,Silver Airways (3M),United States,Y,True,True,False,True,67,25,25,25,2,0.671641791044776,0.328358208955224,0.985074626865672,0
id:5097,5097,QS,Travel Service,Czech Republic,Y,True,True,False,True,67,33,34,34,20,0.0298507462686567,0.970149253731343,0.985074626865672,0
id:5331,5331,VX,Virgin America,United States,Y,True,True,False,True,66,21,21,21,2,0.878787878787879,0.121212121212121,1,0
id:20976,20976,W3,World Scale Airlines,United States,Y,True,True,False,True,66,25,25,25,10,0.666666666666667,0.333333333333333,1,0.0571428571428571
id:1472,1472,8E,Bering Air,United States,Y,True,True,False,True,65,27,26,27,1,1,0,0.738461538461539,0
code:3H,,3H,,,,True,True,False,True,64,22,22,22,1,1,0,0.96875,0
id:1663,1663,BW,Caribbean Airlines,Trinidad and Tobago,Y,True,True,False,True,64,19,19,19,14,0.0625,0.9375,1,0
id:4311,4311,NL,Shaheen Air International,Pakistan,Y,True,True,False,True,64,19,19,19,6,0.25,0.75,0.96875,0
id:21,21,ZI,Aigle Azur,France,Y,True,True,False,True,64,21,21,21,6,0,1,1,0
id:1422,1422,PG,Bangkok Airways,Thailand,Y,True,True,False,True,63,28,27,28,12,0.444444444444444,0.555555555555556,0.984126984126984,0.16
id:3251,3251,LI,Leeward Islands Air Transport,Antigua and Barbuda,Y,True,True,False,True,62,19,19,19,17,0,1,0.935483870967742,0
id:3258,3258,LN,Libyan Arab Airlines,Libya,Y,True,True,False,True,62,20,20,20,10,0.258064516129032,0.741935483870968,1,0
id:3490,3490,ME,Middle East Airlines,Lebanon,Y,True,True,False,True,62,30,32,32,23,0,1,0.967741935483871,0.0461538461538462
id:16136,16136,NS,Caucasus Airlines,Georgia,Y,True,True,False,True,62,29,29,29,1,1,0,1,0
id:2857,2857,QZ,Indonesia AirAsia,Indonesia,Y,True,True,False,True,62,17,17,17,5,0.32258064516129,0.67741935483871,1,0
id:9828,9828,YC,Ciel Canadien,Canada,Y,True,True,False,True,62,18,18,18,3,0.935483870967742,0.0645161290322581,1,0
id:4740,4740,BC,Skymark Airlines,Japan,Y,True,True,False,True,58,14,14,14,1,1,0,1,0
id:753,753,Q6,Aero Condor Peru,Peru,Y,True,True,False,True,58,26,26,26,1,1,0,0.931034482758621,0
id:19305,19305,QG,Citilink Indonesia,Indonesia,Y,True,True,False,True,58,21,21,21,2,0.931034482758621,0.0689655172413793,1,0
id:1403,1403,UP,Bahamasair,Bahamas,Y,True,True,False,True,58,26,26,26,5,0.517241379310345,0.482758620689655,0.96551724137931,0
id:1548,1548,FB,Bulgaria Air,Bulgaria,Y,True,True,False,True,56,26,26,26,17,0.107142857142857,0.892857142857143,1,0
id:921,921,GL,Air Greenland,Denmark,Y,True,True,False,True,56,21,21,21,3,0.928571428571429,0.0714285714285714,1,0
id:1936,1936,CU,Cubana de Aviación,Cuba,Y,True,True,False,True,55,24,23,24,13,0.236363636363636,0.763636363636364,0.727272727272727,0.0677966101694915
id:4797,4797,IE,Solomon Airlines,Solomon Islands,Y,True,True,False,True,54,19,19,19,4,0.851851851851852,0.148148148148148,0.851851851851852,0
id:3776,3776,OA,Olympic Airlines,Greece,Y,True,True,False,True,54,26,26,26,6,0.814814814814815,0.185185185185185,1,0.509090909090909
id:9541,9541,TM,Air Mozambique,Mozambique,Y,True,True,False,True,54,14,14,14,5,0.666666666666667,0.333333333333333,1,0
id:2835,2835,FI,Icelandair,Iceland,Y,True,True,False,True,53,28,28,28,13,0.0377358490566038,0.962264150943396,0.905660377358491,0
id:2607,2607,ZK,Great Lakes Airlines,United States,Y,True,True,False,True,53,26,26,26,1,1,0,0.943396226415094,0
id:316,316,NX,Air Macau,Macao,Y,True,True,False,True,52,27,27,27,7,0,1,1,0.0714285714285714
id:197,197,J2,Azerbaijan Airlines,Azerbaijan,Y,True,True,False,True,50,25,25,25,16,0.04,0.96,1,0.0740740740740741
id:13704,13704,KY,KSY,Greece,Y,True,True,False,True,50,21,21,21,1,1,0,1,0
id:1463,1463,BV,Blue Panorama Airlines,Italy,Y,True,False,False,False,49,21,21,21,6,0.387755102040816,0.612244897959184,0.816326530612245,0
id:4737,4737,H2,Sky Airline,Chile,Y,True,False,False,False,49,16,16,16,4,0.877551020408163,0.122448979591837,0.979591836734694,0
id:2773,2773,HX,Hong Kong Airlines,Hong Kong SAR of China,Y,True,False,False,False,49,26,25,26,7,0,1,0.979591836734694,0
id:10122,10122,SZ,Salzburg arrows,Austria,Y,True,False,False,False,48,20,20,20,7,0,1,1,0
id:502,502,MO,Abu Dhabi Amiri Flight,United Arab Emirates,Y,True,False,False,False,47,14,14,14,1,1,0,0.978723404255319,0.0961538461538462
id:1729,1729,2Z,Changan Airlines,China,N,True,False,False,False,46,19,19,19,1,1,0,1,0
id:3976,3976,9E,Pinnacle Airlines,United States,Y,True,False,False,False,46,25,25,26,1,1,0,0.956521739130435,0
code:9M,,9M,,,,True,False,False,False,46,18,18,18,1,1,0,1,0
id:1359,1359,BG,Biman Bangladesh Airlines,Bangladesh,Y,True,False,False,False,46,22,22,22,16,0.0869565217391304,0.91304347826087,0.739130434782609,0
id:3674,3674,DD,Nok Air,Thailand,Y,True,False,False,False,46,23,23,23,2,0.956521739130435,0.0434782608695652,1,0
id:4863,4863,EQ,TAME,Ecuador,Y,True,False,False,False,46,20,21,21,7,0.695652173913043,0.304347826086957,0.91304347826087,0
id:18732,18732,OD,Malindo Air,Malaysia,Y,True,False,False,False,46,21,21,21,5,0.565217391304348,0.434782608695652,1,0
code:PB,,PB,,,,True,False,False,False,46,18,18,18,1,1,0,0.956521739130435,0
id:18944,18944,7I,Insel Air (7I/INC) (Priv),Netherlands Antilles,Y,True,False,False,False,45,18,18,18,10,0.0888888888888889,0.911111111111111,0.977777777777778,0
id:9818,9818,3O,Air Arabia Maroc,Morocco,Y,True,False,False,False,44,18,18,18,9,0,1,1,0
id:1623,1623,5T,Canadian North,Canada,Y,True,False,False,False,44,18,19,19,1,1,0,0.954545454545455,0.323076923076923
id:543,543,B9,Air Bangladesh,Bangladesh,Y,True,False,False,False,44,14,14,14,1,1,0,1,0
id:3233,3233,QV,Lao Airlines,Lao Peoples Democratic Republic,Y,True,False,False,False,42,17,17,17,7,0.380952380952381,0.619047619047619,1,0.0869565217391304
id:4937,4937,TT,Tiger Airways Australia,Australia,Y,True,False,False,False,42,14,14,14,1,1,0,1,0
id:5333,5333,TV,Virgin Express,Belgium,Y,True,False,False,False,42,19,19,19,1,1,0,1,0
id:1290,1290,VW,Aeromar,Mexico,Y,True,False,False,False,42,21,21,21,2,0.857142857142857,0.142857142857143,1,0
id:13757,13757,WU,Wizz Air Ukraine,Ukraine,Y,True,False,False,False,42,18,18,18,9,0,1,1,0
id:1909,1909,XK,Corse-Mediterranee,France,Y,True,False,False,False,42,13,13,13,3,0.857142857142857,0.142857142857143,1,0
id:3652,3652,2N,NextJet,Sweden,Y,True,False,False,False,41,19,19,19,3,0.804878048780488,0.195121951219512,0.975609756097561,0
id:16508,16508,BU,Baikotovitchestrian Airlines ,American Samoa,Y,True,False,False,False,41,18,18,19,2,0.951219512195122,0.0487804878048781,0.780487804878049,0
id:410,410,2B,Aerocondor,Portugal,Y,True,False,False,False,40,16,16,16,2,0.95,0.05,1,0
id:2353,2353,FY,Firefly,Malaysia,Y,True,False,False,False,40,16,16,16,4,0.55,0.45,1,0
id:83,83,JP,Adria Airways,Slovenia,Y,True,False,False,False,40,18,18,18,17,0,1,1,0
id:1434,1434,JV,Bearskin Lake Air Service,Canada,Y,True,False,False,False,39,14,14,14,1,1,0,0.82051282051282,0
id:10765,10765,K5,SeaPort Airlines,United States,Y,True,False,False,False,39,21,21,21,1,1,0,0.974358974358974,0
id:1057,1057,MK,Air Mauritius,Mauritius,Y,True,False,False,False,39,21,21,21,13,0.0769230769230769,0.923076923076923,0.923076923076923,0.0930232558139535
id:4292,4292,WB,Rwandair Express,Rwanda,Y,True,False,False,False,39,18,17,18,15,0.102564102564103,0.897435897435897,0.974358974358974,0.025
id:1073,1073,9U,Air Moldova,Moldova,Y,True,False,False,False,38,20,20,20,13,0,1,1,0
id:879,879,FJ,Air Pacific,Fiji,Y,True,False,False,False,38,16,17,17,11,0,1,0.947368421052632,0.424242424242424
code:P6,,P6,,,,True,False,False,False,38,12,13,13,1,1,0,0.842105263157895,0
id:4356,4356,SY,Sun Country Airlines,United States,Y,True,False,False,False,38,18,18,18,3,0.842105263157895,0.157894736842105,1,0
id:5041,5041,VR,TACV,Portugal,Y,True,False,False,False,38,13,13,13,7,0.473684210526316,0.526315789473684,0.894736842105263,0
id:3021,3021,3K,Jetstar Asia Airways,Singapore,Y,True,False,False,False,36,18,18,18,12,0,1,1,0
id:3788,3788,8Q,Onur Air,Turkey,Y,True,False,False,False,36,19,19,19,5,0.722222222222222,0.277777777777778,1,0
id:32,32,8U,Afriqiyah Airways,Libya,Y,True,False,False,False,36,13,13,14,9,0.138888888888889,0.861111111111111,0.944444444444444,0
id:3392,3392,AE,Mandarin Airlines,Taiwan,Y,True,False,False,False,36,20,20,20,6,0.333333333333333,0.666666666666667,1,0.357142857142857
id:2417,2417,D7,AirAsia X,Malaysia,Y,True,False,False,False,36,19,19,19,9,0,1,1,0
id:1492,1492,GQ,Big Sky Airlines,United States,N,True,False,False,False,36,18,20,20,1,1,0,0.833333333333333,0
id:2245,2245,K2,Eurolot,Poland,Y,True,False,False,False,36,17,17,17,8,0.166666666666667,0.833333333333333,1,0
code:YN,,YN,,,,True,False,False,False,36,15,15,15,1,1,0,1,0
id:603,603,Z8,Amaszonas,Bolivia,Y,True,False,False,False,36,14,14,14,3,0.833333333333333,0.166666666666667,1,0
id:5188,5188,8R,TRIP Linhas A,Brazil,Y,True,False,False,False,35,16,17,17,2,0.942857142857143,0.0571428571428572,0.857142857142857,0
id:3740,3740,BJ,Nouvel Air Tunisie,Tunisia,Y,True,False,False,False,35,15,15,16,5,0.114285714285714,0.885714285714286,0.914285714285714,0
id:4304,4304,S4,SATA International,Portugal,Y,True,False,False,False,35,14,15,15,9,0.342857142857143,0.657142857142857,0.914285714285714,0.567901234567901
id:153,153,SW,Air Namibia,Namibia,Y,True,False,False,False,35,17,17,17,8,0.371428571428571,0.628571428571429,0.914285714285714,0
id:9531,9531,7J,Tajik Air,Tajikistan,Y,True,False,False,False,34,15,15,15,9,0,1,1,0
id:9082,9082,B7,Uni Air,Taiwan,Y,True,False,False,False,34,19,19,19,3,0,1,1,0.32
id:312,312,BM,Air Sicilia,Italy,Y,True,False,False,False,34,20,20,20,8,0.294117647058824,0.705882352941176,1,0
id:2420,2420,F7,Flybaboo,Switzerland,Y,True,False,False,False,34,18,18,18,7,0.294117647058824,0.705882352941176,1,0.105263157894737
id:476,476,FO,Airlines Of Tasmania,Australia,Y,True,False,False,False,34,13,14,14,5,0.588235294117647,0.411764705882353,0.882352941176471,0
id:4021,4021,PD,Porter Airlines,Canada,Y,True,False,False,False,34,17,17,17,2,0.705882352941177,0.294117647058823,1,0
id:882,882,QH,Air Florida,United States,Y,True,False,False,False,34,12,12,12,5,0.0588235294117647,0.941176470588235,1,0
id:4521,4521,SD,Sudan Airways,Sudan,Y,True,False,False,False,34,16,17,17,10,0.264705882352941,0.735294117647059,0.823529411764706,0
id:5651,5651,VJ,Royal Air Cambodge,Cambodia,Y,True,False,False,False,34,12,12,12,2,0.882352941176471,0.117647058823529,1,0
id:1943,1943,YK,Cyprus Turkish Airlines,Turkey,Y,True,False,False,False,34,11,12,12,4,0.0588235294117647,0.941176470588235,0.941176470588235,0
id:2994,2994,7C,Jeju Air,Republic of Korea,Y,True,False,False,False,33,15,15,15,7,0.181818181818182,0.818181818181818,0.96969696969697,0
id:338,338,TL,Airnorth,Australia,Y,True,False,False,False,33,16,16,16,2,0.939393939393939,0.0606060606060606,0.909090909090909,0
id:897,897,2P,Air Philippines,Philippines,Y,True,False,False,False,32,17,17,17,2,0.9375,0.0625,1,0.0588235294117647
id:8463,8463,4H,United Airways,Bangladesh,Y,True,False,False,False,32,15,15,15,8,0.4375,0.5625,0.9375,0
id:4335,4335,BB,Seaborne Airlines,United States,Y,True,False,False,False,32,16,16,16,9,0.1875,0.8125,1,0
id:17094,17094,DN,Senegal Airlines,Senegal,Y,True,False,False,False,32,15,15,15,13,0.125,0.875,0.9375,0
id:2826,2826,FW,Ibex Airlines,Japan,Y,True,False,False,False,32,11,11,11,1,1,0,1,0
id:995,995,KK,Atlasjet,Turkey,Y,True,False,False,False,32,14,14,14,7,0.3125,0.6875,1,0
id:17675,17675,MM,Peach Aviation,Japan,Y,True,False,False,False,32,15,15,15,4,0.625,0.375,1,0
id:5479,5479,SE,XL Airways France,France,Y,True,False,False,False,32,17,17,17,11,0.1875,0.8125,0.625,0
id:11811,11811,UJ,AlMasria Universal Airlines,Egypt,Y,True,False,False,False,32,16,17,17,6,0.1875,0.8125,0.9375,0
id:9764,9764,Z2,Zest Air,Philippines,Y,True,False,False,False,32,14,14,14,6,0.3125,0.6875,1,0
id:20004,20004,9V,Volotea Costa Rica,Costa Rica,Y,True,False,False,False,31,13,13,13,5,0.67741935483871,0.32258064516129,0.967741935483871,0
id:3574,3574,NHG,NHT Lineas Aereas,Brazil,N,True,False,False,False,31,15,14,15,1,1,0,0.838709677419355,0
id:4031,4031,PW,Precision Air,Tanzania,Y,True,False,False,False,31,11,11,11,4,0.548387096774194,0.451612903225806,0.903225806451613,0
id:595,595,3G,Atlant-Soyuz Airlines,Russia,Y,True,False,False,False,30,11,11,11,11,0,1,1,0
id:1340,1340,6R,Alrosa Mirny Air Enterprise,Russia,Y,True,False,False,False,30,10,10,10,1,1,0,1,0
id:3856,3856,8P,Pacific Coastal Airline,Canada,Y,True,False,False,False,30,14,14,14,1,1,0,0.933333333333333,0
id:4255,4255,BI,Royal Brunei Airlines,Brunei,Y,True,False,False,False,30,17,17,17,12,0.0666666666666667,0.933333333333333,0.866666666666667,0
id:2993,2993,J9,Jazeera Airways,Kuwait,Y,True,False,False,False,30,16,16,16,10,0,1,1,0
id:16942,16942,L6,Mauritania Airlines International,Mauritania,Y,True,False,False,False,30,13,13,13,10,0.2,0.8,1,0
id:1539,1539,NT,Binter Canarias,Spain,Y,True,False,False,False,30,10,10,10,3,0.8,0.2,1,0.347826086956522
id:2117,2117,T3,Eastern Airways,United Kingdom,Y,True,False,False,False,30,15,15,15,3,0.866666666666667,0.133333333333333,1,0.0625
id:1792,1792,WX,CityJet,Ireland,Y,True,False,False,False,30,16,16,16,8,0.133333333333333,0.866666666666667,1,0
id:16725,16725,Y8,Marusya Airways,Russia,Y,True,False,False,False,30,14,14,14,1,1,0,1,0
id:1581,1581,5C,CAL Cargo Air Lines,Israel,Y,True,False,False,False,29,15,15,15,3,0.862068965517241,0.137931034482759,0.689655172413793,0
id:1942,1942,CY,Cyprus Airways,Cyprus,Y,True,False,False,False,29,15,15,15,12,0.0344827586206897,0.96551724137931,0.96551724137931,0.0645161290322581
id:970,970,W9,Air Bagan,Myanmar,Y,True,False,False,False,29,11,11,11,2,0.931034482758621,0.0689655172413793,0.896551724137931,0
id:55,55,8V,Astral Aviation,Kenya,Y,True,False,False,False,28,14,14,14,1,1,0,0.642857142857143,0
id:5982,5982,BX,Air Busan,Republic of Korea,Y,True,False,False,False,28,15,15,15,8,0,1,1,0
id:14118,14118,GK,Genesis,Pakistan,Y,True,False,False,False,28,10,10,10,1,1,0,1,0
id:14849,14849,JY,Aereonautica militare,Italy,Y,True,False,False,False,28,12,12,12,6,0.214285714285714,0.785714285714286,1,0
id:3935,3935,KS,Peninsula Airways,United States,Y,True,False,False,False,28,14,14,14,1,1,0,1,0
id:462,462,OB,Astrakhan Airlines,Russia,Y,True,False,False,False,28,9,9,9,4,0.75,0.25,0.928571428571429,0
id:13108,13108,Q2,Maldivian,Maldives,Y,True,False,False,False,28,11,11,11,4,0.571428571428571,0.428571428571429,1,0
id:4429,4429,SP,SATA Air Acores,Portugal,Y,True,False,False,False,28,9,9,9,1,1,0,1,0
id:16475,16475,YI,TUR Avrupa Hava YollarÄ±,Turkey,N,True,False,False,False,27,8,8,8,6,0.0740740740740741,0.925925925925926,0.962962962962963,0
id:2916,2916,3L,Intersky,Austria,Y,True,False,False,False,26,15,15,15,5,0.230769230769231,0.769230769230769,1,0
id:2395,2395,B5,Flightline,United Kingdom,Y,True,False,False,False,26,14,14,14,3,0.730769230769231,0.269230769230769,0.846153846153846,0
id:386,386,GV,Aero Flight,Germany,Y,True,False,False,False,26,19,18,21,1,1,0,0.692307692307692,0
id:2765,2765,HD,Hokkaido International Airlines,Japan,Y,True,False,False,False,26,14,14,14,1,1,0,1,0
id:9810,9810,LJ,Jin Air,South Korea,Y,True,False,False,False,26,15,15,15,9,0.0769230769230769,0.923076923076923,1,0
id:2218,2218,OV,Estonian Air,Estonia,Y,True,False,False,False,26,14,14,14,11,0,1,1,0
id:622,622,R7,Aserca Airlines,Venezuela,Y,True,False,False,False,26,11,11,11,2,0.923076923076923,0.0769230769230769,1,0
id:5399,5399,WJ,WebJet Linhas A,Brazil,Y,True,False,False,False,26,14,14,14,1,1,0,1,0
code:XU,,XU,,,,True,False,False,False,26,11,11,11,5,0.423076923076923,0.576923076923077,0.538461538461538,0
id:3539,3539,YM,Montenegro Airlines,Montenegro,Y,True,False,False,False,26,12,12,12,10,0,1,1,0
id:2682,2682,HF,Hapagfly,Germany,Y,True,False,False,False,25,12,12,12,11,0,1,0.96,0
id:16415,16415,QC,Camair-co,Cameroon,Y,True,False,False,False,25,13,13,13,9,0.32,0.68,0.56,0
id:16149,16149,WM,Windward Islands Airways,Netherlands Antilles,Y,True,False,False,False,25,12,12,12,8,0.24,0.76,0.96,0
id:11741,11741,3S,Air Antilles Express,Guadeloupe,Y,True,False,False,False,24,11,10,11,9,0.0833333333333333,0.916666666666667,0.916666666666667,0
id:16726,16726,7H,Era Alaska,United States,Y,True,False,False,False,24,13,13,13,1,1,0,1,0.865168539325843
id:683,683,BP,Air Botswana,Botswana,Y,True,False,False,False,24,8,8,8,4,0.333333333333333,0.666666666666667,1,0
id:1299,1299,OR,Arkefly,Netherlands,Y,True,False,False,False,24,12,12,12,8,0.166666666666667,0.833333333333333,0.5,0
id:18543,18543,SX,SkyWork Airlines ,Switzerland,Y,True,False,False,False,24,13,13,13,7,0,1,1,0
id:17891,17891,TZ,Scoot,Singapore,Y,True,False,False,False,24,13,13,13,8,0.0833333333333333,0.916666666666667,1,0
id:5085,5085,UG,Tuninter,Tunisia,Y,True,False,False,False,24,11,11,11,4,0.583333333333333,0.416666666666667,0.833333333333333,0
id:1191,1191,UU,Air Austral,France,Y,True,False,False,False,24,12,12,12,9,0,1,1,0
id:3370,3370,W5,Mahan Air,Iran,Y,True,False,False,False,24,13,13,13,10,0,1,1,0
id:1682,1682,KX,Cayman Airways,Cayman Islands,Y,True,False,False,False,23,11,11,11,5,0.304347826086957,0.695652173913043,0.869565217391304,0
id:567,567,TX,Air Caraïbes,France,Y,True,False,False,False,23,10,10,10,8,0.0869565217391304,0.91304347826087,0.869565217391304,0.178571428571429
id:2825,2825,TY,Iberworld,Spain,Y,True,False,False,False,23,10,10,10,1,1,0,0.956521739130435,0
id:470,470,2J,Air Burkina,Burkina Faso,Y,True,False,False,False,22,9,9,9,8,0.0909090909090909,0.909090909090909,0.909090909090909,0
id:5813,5813,6T,Air Mandalay,Burma,Y,True,False,False,False,22,10,10,10,1,1,0,1,0
id:4475,4475,DG,South East Asian Airlines,Philippines,Y,True,False,False,False,22,11,11,11,4,0.636363636363636,0.363636363636364,1,0
id:125,125,FG,Ariana Afghan Airlines,Afghanistan,Y,True,False,False,False,22,10,11,11,8,0.227272727272727,0.772727272727273,0.909090909090909,0
id:10121,10121,IL,Illinois Airways,United States,N,True,False,False,False,22,14,14,14,1,1,0,0.818181818181818,0
id:13899,13899,K6,Cambodia Angkor Air (K6),Cambodia,Y,True,False,False,False,22,8,8,8,4,0.181818181818182,0.818181818181818,1,0
id:1844,1844,KR,Comores Airlines,Comoros,Y,True,False,False,False,22,9,9,9,3,0,1,1,0
id:2990,2990,NU,Japan Transocean Air,Japan,Y,True,False,False,False,22,10,10,10,1,1,0,1,0
id:139,139,SB,Air Caledonie International,France,Y,True,False,False,False,22,11,11,11,8,0.0909090909090909,0.909090909090909,1,0
id:4965,4965,T7,Twin Jet,France,Y,True,False,False,False,22,13,13,13,3,0.727272727272727,0.272727272727273,1,0
id:9809,9809,ZE,Eastar Jet,South Korea,Y,True,False,False,False,22,13,13,13,7,0.272727272727273,0.727272727272727,1,0
id:18169,18169,P4,Patriot Airways,United States,Y,True,False,False,False,21,8,9,9,3,0.714285714285714,0.285714285714286,0.952380952380952,0
id:3148,3148,Y9,Kish Air,Iran,Y,True,False,False,False,21,10,10,10,2,0.80952380952381,0.19047619047619,0.952380952380952,0
id:3545,3545,3R,Moskovia Airlines,Russia,Y,True,False,False,False,20,11,11,11,3,0.3,0.7,1,0
id:2524,2524,4G,Gazpromavia,Russia,Y,True,False,False,False,20,10,10,10,2,0.9,0.1,1,0
id:4550,4550,A4,Southern Winds Airlines,Argentina,Y,True,False,False,False,20,10,10,10,1,1,0,1,0
id:508,508,GR,Aurigny Air Services,United Kingdom,Y,True,False,False,False,20,10,10,10,4,0.1,0.9,1,0
id:10955,10955,I6,MexicanaLink,Mexico,Y,True,False,False,False,20,8,8,8,1,1,0,1,0
id:231,231,IZ,Arkia Israel Airlines,Israel,Y,True,False,False,False,20,10,10,10,7,0.4,0.6,1,0
id:2058,2058,KB,Druk Air,Bhutan,Y,True,False,False,False,20,9,9,9,6,0,1,1,0
id:3287,3287,LM,Linhas A,Mozambique,Y,True,False,False,False,20,7,7,7,1,1,0,0.9,0
id:4752,4752,PY,Surinam Airways,Suriname,Y,True,False,False,False,20,9,9,9,9,0,1,1,0
id:11838,11838,Q9,Arik Niger,Niger,Y,True,False,False,False,20,8,8,8,1,1,0,1,0
id:19676,19676,RX,Rainbow Air Polynesia,United States,Y,True,False,False,False,20,9,9,9,5,0.4,0.6,1,0
id:4438,4438,SI,Skynet Airlines,Ireland,Y,True,False,False,False,20,9,9,9,6,0,1,1,0
id:2774,2774,UO,Hong Kong Express Airways,Hong Kong SAR of China,Y,True,False,False,False,20,11,11,11,7,0,1,1,0
id:1654,1654,2G,Cargoitalia,Italy,N,False,False,False,False,19,10,9,10,1,1,0,0.947368421052632,0
id:1173,1173,4Y,Airbus France,France,N,False,False,False,False,19,11,12,14,1,1,0,0.315789473684211,0
id:15893,15893,M4,Marysya Airlines,Russia,Y,False,False,False,False,19,9,9,9,2,0.894736842105263,0.105263157894737,0.947368421052632,0
id:13335,13335,MR,Homer Air,Germany,Y,False,False,False,False,19,10,11,11,4,0.578947368421053,0.421052631578947,0.947368421052632,0
id:3437,3437,MW,Maya Island Air,Belize,Y,False,False,False,False,19,8,8,8,1,1,0,0.947368421052632,0
id:1908,1908,SS,Corsairfly,France,Y,False,False,False,False,19,10,10,10,10,0,1,0.736842105263158,0.366666666666667
id:8359,8359,2I,Star Peru (2I),Peru,Y,False,False,False,False,18,8,8,8,1,1,0,1,0
id:8576,8576,5H,Fly540,Kenya,Y,False,False,False,False,18,9,9,9,3,0.777777777777778,0.222222222222222,0.888888888888889,0
id:18232,18232,5Q,BQB Lineas Aereas,Uruguay,Y,False,False,False,False,18,10,10,10,5,0,1,1,0
id:2538,2538,A9,Georgian Airways,Georgia,Y,False,False,False,False,18,10,10,10,7,0.166666666666667,0.833333333333333,0.888888888888889,0
id:3850,3850,BL,Jetstar Pacific,Vietnam,Y,False,False,False,False,18,8,8,8,1,1,0,1,0
id:20270,20270,D2,Severstal Air Company,Russia,Y,False,False,False,False,18,10,10,10,2,0.888888888888889,0.111111111111111,1,0
id:2585,2585,DC,Golden Air,Sweden,Y,False,False,False,False,18,10,10,10,1,1,0,1,0.1
id:4044,4044,FE,Primaris Airlines,United States,N,False,False,False,False,18,11,11,11,2,0,1,1,0
code:HS,,HS,,,,False,False,False,False,18,10,10,10,1,1,0,1,0
id:3734,3734,J3,Northwestern Air,Canada,Y,False,False,False,False,18,8,8,8,1,1,0,1,0
id:3393,3393,JE,Mango,South Africa,Y,False,False,False,False,18,8,8,8,2,0.888888888888889,0.111111111111111,1,0
id:13200,13200,JH,Fuji Dream Airlines,Japan,Y,False,False,False,False,18,10,10,10,1,1,0,1,0
id:5156,5156,PZ,TAM Mercosur,Paraguay,Y,False,False,False,False,18,8,8,8,6,0.111111111111111,0.888888888888889,1,0
id:18553,18553,W2,Maastricht Airlines,Netherlands,Y,False,False,False,False,18,14,14,14,9,0.444444444444444,0.555555555555556,1,0.709677419354839
id:4513,4513,FS,Servicios de Transportes A,Argentina,Y,False,False,False,False,17,7,6,7,4,0,1,0.941176470588235,0
id:2226,2226,RZ,Euro Exec Express,Sweden,Y,False,False,False,False,17,9,10,10,1,1,0,0.941176470588235,0
id:19810,19810,9N,Regional Air Iceland,Iceland,Y,False,False,False,False,16,8,8,8,4,0.375,0.625,1,0
id:1954,1954,DX,DAT Danish Air Transport,Denmark,Y,False,False,False,False,16,9,9,9,2,0.75,0.25,1,0
id:2896,2896,ID,Interlink Airlines,South Africa,Y,False,False,False,False,16,9,9,9,1,1,0,1,0
id:17083,17083,NP,Nile Air,Egypt,Y,False,False,False,False,16,8,8,8,3,0,1,0.875,0
id:4066,4066,P0,Proflight Commuter Services,Zambia,Y,False,False,False,False,16,8,8,8,2,0.875,0.125,0.875,0
id:11763,11763,P9,Peruvian Airlines,Peru,Y,False,False,False,False,16,8,8,8,1,1,0,1,0
id:426,426,QN,Air Armenia,Armenia,N,False,False,False,False,16,9,9,9,4,0,1,1,0
id:3391,3391,RI,Mandala Airlines,Indonesia,Y,False,False,False,False,16,8,8,8,4,0.5,0.5,1,0
id:5083,5083,T5,Turkmenistan Airlines,Turkmenistan,Y,False,False,False,False,16,9,9,9,7,0,1,1,0
id:16624,16624,TW,Tway Airlines,South Korea,Y,False,False,False,False,16,10,10,10,5,0.25,0.75,1,0
id:3721,3721,U7,Northern Dene Airways,Canada,Y,False,False,False,False,16,8,8,8,7,0,1,1,0
id:3589,3589,UE,Nasair,Eritrea,Y,False,False,False,False,16,9,8,9,8,0.0625,0.9375,0.75,0
id:16133,16133,YT,Yeti Airways,Nepal,Y,False,False,False,False,16,9,9,9,1,1,0,1,0
code:4W,,4W,,,,False,False,False,False,15,8,9,9,1,1,0,0.533333333333333,0
code:P2,,P2,,,,False,False,False,False,15,8,8,8,2,0.866666666666667,0.133333333333333,0.666666666666667,0
id:2750,2750,2L,Helvetic Airways,Switzerland,Y,False,False,False,False,14,9,8,9,7,0,1,0.857142857142857,0
id:10758,10758,4Q,Safi Airlines,Afghanistan,Y,False,False,False,False,14,6,6,6,4,0.285714285714286,0.714285714285714,1,0
id:503,503,5N,Aeroflot-Nord,Russia,Y,False,False,False,False,14,6,6,6,1,1,0,1,0.363636363636364
id:2409,2409,F2,Fly Air,Turkey,N,False,False,False,False,14,8,7,8,2,0.857142857142857,0.142857142857143,0.857142857142857,0
id:5354,5354,LC,Varig Log,Brazil,Y,False,False,False,False,14,5,5,5,4,0.142857142857143,0.857142857142857,1,0
id:3342,3342,MJ,L,Argentina,Y,False,False,False,False,14,8,8,9,7,0.0714285714285714,0.928571428571429,0.857142857142857,0.730769230769231
id:1829,1829,MN,Comair,South Africa,Y,False,False,False,False,14,6,6,6,1,1,0,1,0
id:179,179,PL,Aeroper,Peru,Y,False,False,False,False,14,8,8,8,1,1,0,1,0
id:5016,5016,PM,Tropic Air,Belize,Y,False,False,False,False,14,8,8,8,3,0.571428571428571,0.428571428571429,1,0
id:3857,3857,Q8,Pacific East Asia Cargo Airlines,Philippines,Y,False,False,False,False,14,5,5,5,4,0.142857142857143,0.857142857142857,1,0
id:1206,1206,QL,Aero Lanka,Sri Lanka,Y,False,False,False,False,14,8,8,8,2,0.857142857142857,0.142857142857143,1,0
id:4822,4822,S5,Shuttle America,United States,Y,False,False,False,False,14,12,12,15,1,1,0,0,0
id:18529,18529,TJ,T.J. Air,United States,Y,False,False,False,False,14,9,9,9,7,0.285714285714286,0.714285714285714,1,0
code:YJ,,YJ,,,,False,False,False,False,14,6,6,6,1,1,0,0.857142857142857,0
id:16882,16882,YQ,Polet Airlines (Priv),Russia,Y,False,False,False,False,14,7,7,7,4,0.571428571428571,0.428571428571429,1,0
id:341,341,4N,Air North Charter - Canada,Canada,Y,False,False,False,False,13,7,7,7,1,1,0,0.769230769230769,0
id:221,221,CC,Air Atlanta Icelandic,Iceland,Y,False,False,False,False,13,5,5,5,2,0.615384615384615,0.384615384615385,0.923076923076923,0
id:10128,10128,DH,Dennis Sky,Israel,Y,False,False,False,False,13,7,7,7,7,0,1,0.769230769230769,0
id:1338,1338,2K,Aerolineas Galapagos (Aerogal),Ecuador,Y,False,False,False,False,12,6,6,6,2,0.5,0.5,1,0
id:1401,1401,4T,Belair Airlines,Switzerland,Y,False,False,False,False,12,7,7,7,6,0,1,1,0
id:2954,2954,6H,Israir,Israel,Y,False,False,False,False,12,7,7,7,5,0.333333333333333,0.666666666666667,1,0
code:6L,,6L,,,,False,False,False,False,12,6,6,6,1,1,0,1,0
id:1500,1500,7P,Metro Batavia,Indonesia,Y,False,False,False,False,12,8,6,8,3,0.75,0.25,0.666666666666667,0
id:17408,17408,8B,BusinessAir,Thailand,Y,False,False,False,False,12,5,5,5,3,0.166666666666667,0.833333333333333,1,0
id:3432,3432,8M,Maxair,Sweden,Y,False,False,False,False,12,7,7,7,7,0,1,1,0
id:20047,20047,E2,Eagle Atlantic Airlines,Ghana,Y,False,False,False,False,12,5,5,5,5,0,1,1,0
id:807,807,EN,Air Dolomiti,Italy,Y,False,False,False,False,12,7,7,7,2,0,1,1,0
id:2293,2293,EO,Express One International,United States,Y,False,False,False,False,12,8,8,8,3,0,1,1,0
id:19610,19610,LT,Air Lituanica,Lithuania,Y,False,False,False,False,12,7,7,7,6,0,1,1,0
id:3354,3354,OM,MIAT Mongolian Airlines,Mongolia,Y,False,False,False,False,12,7,7,7,7,0,1,1,0
id:608,608,UM,Air Zimbabwe,Zimbabwe,Y,False,False,False,False,12,4,4,4,2,0.5,0.5,1,0
id:9666,9666,VH,Virgin Pacific,Fiji,Y,False,False,False,False,12,7,7,7,1,1,0,1,0
id:16660,16660,W4,AeroWorld ,Russia,Y,False,False,False,False,12,7,7,7,1,1,0,1,0
id:1034,1034,XL,Aerolane,Ecuador,Y,False,False,False,False,12,7,7,7,2,0.666666666666667,0.333333333333333,1,0.142857142857143
id:4234,4234,GZ,Air Rarotonga,Cook Islands,Y,False,False,False,False,11,6,6,6,1,1,0,0.909090909090909,0.153846153846154
id:4808,4808,HZ,Sat Airlines,Kazakhstan,Y,False,False,False,False,11,7,6,7,4,0.272727272727273,0.727272727272727,0.727272727272727,0
id:10912,10912,J5,Alaska Seaplane Service,United States,Y,False,False,False,False,11,6,6,7,1,1,0,0.727272727272727,0
id:2418,2418,TE,FlyLal,Lithuania,Y,False,False,False,False,11,6,6,6,1,1,0,0.909090909090909,0
id:225,225,TN,Air Tahiti Nui,France,Y,False,False,False,False,11,7,7,8,7,0.0909090909090909,0.909090909090909,0.909090909090909,0.352941176470588
id:10739,10739,3E,Air Choice One,United States,Y,False,False,False,False,10,5,5,5,1,1,0,1,0
id:4805,4805,6W,Saratov Aviation Division,Russia,Y,False,False,False,False,10,6,6,6,3,0.6,0.4,1,0
id:68,68,8T,Air Tindi,Canadian Territories,Y,False,False,False,False,10,6,6,6,1,1,0,1,0
id:19804,19804,A2,All America,United States,Y,False,False,False,False,10,7,7,7,1,1,0,1,0
id:3613,3613,CE,Nationwide Airlines,South Africa,Y,False,False,False,False,10,7,7,7,1,1,0,1,0
id:9829,9829,CN,Canadian National Airways,Canada,Y,False,False,False,False,10,6,6,6,1,1,0,1,0
id:16963,16963,E5,Air Arabia Egypt,Egypt,Y,False,False,False,False,10,6,6,6,4,0,1,1,0
id:2748,2748,HW,Hello,Switzerland,Y,False,False,False,False,10,6,6,6,1,1,0,1,0
id:132,132,JA,Air Bosna,Bosnia and Herzegovina,Y,False,False,False,False,10,6,6,6,5,0.2,0.8,1,0
id:20686,20686,Q7,SkyBahamas Airlines,Bahamas,Y,False,False,False,False,10,6,6,6,2,0.8,0.2,1,0
id:10675,10675,SH,Sharp Airlines,Australia,Y,False,False,False,False,10,8,7,8,1,1,0,0.8,0
id:3386,3386,TF,Malmö Aviation,Sweden,Y,False,False,False,False,10,6,6,6,2,0.8,0.2,1,0.722222222222222
id:10800,10800,V9,Star1 Airlines,Lithuania,Y,False,False,False,False,10,7,7,7,2,0.2,0.8,1,0
id:1441,1441,WW,bmibaby,United Kingdom,Y,False,False,False,False,10,6,6,6,6,0,1,1,0
id:5523,5523,Z4,Zoom Airlines,Canada,Y,False,False,False,False,10,6,6,6,5,0,1,1,0
code:5U,,5U,,,,False,False,False,False,9,6,5,6,3,0.222222222222222,0.777777777777778,0.888888888888889,0
id:2989,2989,EG,Japan Asia Airways,Japan,Y,False,False,False,False,9,6,5,6,3,0,1,0.444444444444444,0
id:3805,3805,R2,Orenburg Airlines,Russia,Y,False,False,False,False,9,5,6,6,2,0.666666666666667,0.333333333333333,0.888888888888889,0
id:881,881,RC,Atlantic Airways,Faroe Islands,Y,False,False,False,False,9,5,5,5,3,0.111111111111111,0.888888888888889,0.888888888888889,0
id:16615,16615,7M,Mongolian International Air Lines ,Mongolia,Y,False,False,False,False,8,5,5,5,1,1,0,1,0
id:2692,2692,BH,Hawkair,Canada,Y,False,False,False,False,8,4,4,4,1,1,0,1,0
id:1750,1750,C8,Chicago Express,United States,N,False,False,False,False,8,4,4,4,3,0.25,0.75,1,0
id:2324,2324,EF,Far Eastern Air Transport,Taiwan,Y,False,False,False,False,8,5,5,5,1,1,0,1,0
id:18828,18828,I8,IzAvia,Russia,Y,False,False,False,False,8,5,5,5,1,1,0,1,0
id:10737,10737,J4,ALAK,Russia,Y,False,False,False,False,8,5,5,5,1,1,0,1,0
id:2264,2264,JN,Excel Airways,United Kingdom,Y,False,False,False,False,8,6,6,6,2,0.25,0.75,1,0
id:998,998,JS,Air Koryo,Democratic People's Republic of Korea,Y,False,False,False,False,8,5,5,5,4,0,1,1,0
id:397,397,JW,Arrow Air,United States,Y,False,False,False,False,8,5,5,5,3,0.5,0.5,1,0
id:11808,11808,K8,Zambia Skyways,Zambia,Y,False,False,False,False,8,5,5,5,1,1,0,1,0
id:896,896,NY,Air Iceland,Iceland,Y,False,False,False,False,8,5,5,5,2,0.75,0.25,1,0
code:O4,,O4,,,,False,False,False,False,8,5,5,5,1,1,0,1,0
id:11794,11794,OC,Catovair,Mauritius,Y,False,False,False,False,8,5,5,5,1,1,0,1,0
id:3826,3826,OJ,Overland Airways,Nigeria,Y,False,False,False,False,8,4,4,4,4,0,1,1,0
id:3618,3618,ON,Nauru Air Corporation,Nauru,Y,False,False,False,False,8,4,4,4,4,0,1,1,0
id:3969,3969,PI,Piedmont Airlines (1948-1989),United States,Y,False,False,False,False,8,5,5,5,1,1,0,1,0
id:3637,3637,RA,Nepal Airlines,Nepal,Y,False,False,False,False,8,5,5,5,5,0,1,1,0
id:5368,5368,RG,VRG Linhas Aereas,Brazil,Y,False,False,False,False,8,4,4,4,1,1,0,1,0
id:17099,17099,S9,Starbow Airlines,Ghana,Y,False,False,False,False,8,5,5,5,2,0.75,0.25,1,0
id:11948,11948,VQ,Viking Hellas,Greece,Y,False,False,False,False,8,5,5,5,1,1,0,1,0
id:18825,18825,Z9,Flightlink Tanzania,Tanzania,Y,False,False,False,False,8,4,4,4,1,1,0,1,0
code:ZD,,ZD,,,,False,False,False,False,8,5,5,5,4,0,1,1,0
id:246,246,M6,Amerijet International,United States,N,False,False,False,False,7,4,6,6,1,1,0,0.571428571428571,0
id:11857,11857,RL,Royal Falcon,Jordan,Y,False,False,False,False,7,5,4,5,4,0,1,0.857142857142857,0
id:5002,5002,3P,Tiara Air,Aruba,Y,False,False,False,False,6,5,4,5,3,0.166666666666667,0.833333333333333,0.666666666666667,0
id:3201,3201,4M,LAN Argentina,Argentina,Y,False,False,False,False,6,3,3,3,3,0,1,1,0.4
id:4388,4388,7G,Star Flyer,Japan,Y,False,False,False,False,6,4,4,4,1,1,0,1,0
code:7S,,7S,,,,False,False,False,False,6,5,5,6,1,1,0,0,0
id:3534,3534,8I,Myway Airlines,Italy,Y,False,False,False,False,6,4,4,4,3,0,1,1,0
id:16960,16960,AW,Asian Wings Airways,Burma,Y,False,False,False,False,6,4,4,4,2,0.666666666666667,0.333333333333333,1,0
id:1966,1966,D3,Daallo Airlines,Djibouti,Y,False,False,False,False,6,4,4,4,3,0.166666666666667,0.833333333333333,0.333333333333333,0
id:20160,20160,E8,City Airways,Thailand,Y,False,False,False,False,6,4,4,4,2,0.333333333333333,0.666666666666667,1,0
id:336,336,EL,Air Nippon,Japan,Y,False,False,False,False,6,4,4,4,3,0,1,1,0
id:9784,9784,HK,Yangon Airways,Burma,Y,False,False,False,False,6,4,4,4,3,0,1,1,0
id:16707,16707,HN,Hankook Airline,South Korea,Y,False,False,False,False,6,4,4,4,1,1,0,1,0
id:42,42,M3,ABSA - Aerolinhas Brasileiras,Brazil,Y,False,False,False,False,6,4,4,4,2,0.666666666666667,0.333333333333333,1,0
id:3547,3547,M9,Motor Sich,Ukraine,Y,False,False,False,False,6,4,4,4,2,0.666666666666667,0.333333333333333,1,0
id:491,491,OS,Austrian Airlines,Austria,Y,False,False,False,False,6,4,4,4,4,0,1,1,0.975
id:3811,3811,OX,Orient Thai Airlines,Thailand,Y,False,False,False,False,6,5,5,5,3,0.333333333333333,0.666666666666667,1,0
id:477,477,PJ,Air Saint Pierre,France,Y,False,False,False,False,6,4,4,4,2,0,1,1,0
id:14061,14061,PQ,LSM Airlines,Russia,Y,False,False,False,False,6,4,4,4,1,1,0,1,0
id:3834,3834,PV,PAN Air,Spain,Y,False,False,False,False,6,4,4,4,4,0,1,1,0
id:4735,4735,S3,Santa Barbara Airlines,Venezuela,Y,False,False,False,False,6,4,4,4,4,0,1,1,0
id:10776,10776,S6,Salmon Air,United States,Y,False,False,False,False,6,4,4,4,3,0.333333333333333,0.666666666666667,1,0
id:2622,2622,TA,Grupo TACA,Costa Rica,Y,False,False,False,False,6,4,4,4,4,0,1,1,0.571428571428571
id:1669,1669,V3,Carpatair,Romania,Y,False,False,False,False,6,4,4,4,3,0,1,1,0
id:5297,5297,VF,Valuair,Singapore,Y,False,False,False,False,6,4,4,4,2,0,1,1,0
id:8809,8809,WP,Island Air (WP),United States,Y,False,False,False,False,6,4,4,4,1,1,0,1,0
id:16844,16844,XV,BVI Airways,British Virgin Islands,Y,False,False,False,False,6,3,3,3,3,0,1,1,0
id:5521,5521,3J,Zip,Canada,N,False,False,False,False,5,3,4,5,5,0,1,0.4,0
code:EB,,EB,,,,False,False,False,False,5,3,4,4,3,0.2,0.8,0.8,0
id:21012,21012,F5,Fly One,Moldova,Y,False,False,False,False,5,4,3,4,1,1,0,0.8,0
id:641,641,FV,Rossiya-Russian Airlines,Russia,Y,False,False,False,False,5,3,4,4,2,0.4,0.6,0.8,0
id:20963,20963,K3,Atlantic Air Cargo,United States,N,False,False,False,False,5,4,3,4,1,1,0,0.8,0
id:3123,3123,M5,Kenmore Air,United States,Y,False,False,False,False,5,4,4,4,1,1,0,0.4,0
id:3097,3097,RQ,Kam Air,Afghanistan,Y,False,False,False,False,5,3,4,4,4,0,1,0.8,0
id:10650,10650,5P,Pal airlines,Chile,Y,False,False,False,False,4,4,3,4,1,1,0,0,0
id:3835,3835,9Q,PB Air,Thailand,Y,False,False,False,False,4,3,3,3,1,1,0,1,0
id:1230,1230,BF,Aero-Service,Republic of the Congo,Y,False,False,False,False,4,3,3,3,1,1,0,1,0
id:11963,11963,DZ,Starline.kz,Kazakhstan,Y,False,False,False,False,4,3,3,3,1,1,0,1,0
id:2217,2217,E7,Estafeta Carga Aerea,Mexico,N,False,False,False,False,4,3,3,3,2,0.5,0.5,1,0
id:11806,11806,E9,Compagnie Africaine d\\'Aviation,Congo (Kinshasa),Y,False,False,False,False,4,3,3,3,3,0,1,1,0
id:1508,1508,J8,Berjaya Air,Malaysia,Y,False,False,False,False,4,3,3,3,2,0.5,0.5,1,0
id:2419,2419,LF,FlyNordic,Sweden,Y,False,False,False,False,4,3,3,3,2,0.5,0.5,1,0
id:1008,1008,LV,Albanian Airlines,Albania,Y,False,False,False,False,4,3,3,3,2,0,1,1,0
id:3865,3865,LW,Pacific Wings,United States,Y,False,False,False,False,4,3,3,3,1,1,0,1,0.6
id:3783,3783,N3,Omskavia Airline,Russia,N,False,False,False,False,4,3,3,3,3,0,1,1,0
id:3781,3781,OY,Omni Air International,United States,Y,False,False,False,False,4,3,3,3,1,1,0,1,0
id:2541,2541,QB,Georgian National Airlines,Georgia,Y,False,False,False,False,4,3,3,3,1,1,0,1,0
id:2104,2104,QU,East African,Uganda,Y,False,False,False,False,4,3,3,3,2,0,1,1,0
id:1611,1611,UY,Cameroon Airlines,Cameroon,N,False,False,False,False,4,3,3,3,2,0,1,1,0
id:17023,17023,Y5,Asia Wings,Kazakhstan,Y,False,False,False,False,4,3,3,3,3,0,1,1,0
id:19016,19016,ZM,Apache Air,United States,Y,False,False,False,False,4,3,3,3,2,0.5,0.5,1,0
code:4E,,4E,,,,False,False,False,False,3,3,2,3,1,1,0,0.666666666666667,0
id:43,43,ABJ,Abaet,Brazil,N,False,False,False,False,3,3,3,3,1,1,0,0,0
id:146,146,2O,Air Salone,Sierra Leone,Y,False,False,False,False,2,2,2,3,1,1,0,0,0
id:16262,16262,3F,Fly Colombia ( Interliging Flights ),Colombia,Y,False,False,False,False,2,2,2,2,1,1,0,1,0
id:20565,20565,4B,Boutique Air (Priv),United States,Y,False,False,False,False,2,2,2,2,1,1,0,1,0
id:442,442,4D,Air Sinai,Egypt,Y,False,False,False,False,2,2,2,2,2,0,1,1,0
id:29,29,4K,Askari Aviation,Pakistan,Y,False,False,False,False,2,2,2,2,1,1,0,1,0
id:4496,4496,5G,Skyservice Airlines,Canada,Y,False,False,False,False,2,2,2,2,1,1,0,1,0
id:4436,4436,5M,Sibaviatrans,Russia,Y,False,False,False,False,2,2,2,2,2,0,1,1,0
id:18946,18946,5Z,VivaColombia,Colombia,Y,False,False,False,False,2,2,2,2,1,1,0,1,0
id:17095,17095,6I,Fly 6ix,Sierra Leone,Y,False,False,False,False,2,2,2,2,1,1,0,1,0
id:11814,11814,6Y,SmartLynx Airlines,Latvia,Y,False,False,False,False,2,2,2,2,2,0,1,1,0
id:563,563,7E,Aeroline GmbH,Germany,Y,False,False,False,False,2,2,2,2,1,1,0,1,0
id:1109,1109,8D,Astair,Russian Federation,Y,False,False,False,False,2,2,2,2,1,1,0,1,0
id:1392,1392,A8,Benin Golf Air,Benin,N,False,False,False,False,2,2,2,2,1,1,0,1,0
id:2881,2881,D6,Interair South Africa,South Africa,Y,False,False,False,False,2,2,2,2,2,0,1,1,0
id:9620,9620,GY,Gabon Airlines,Gabon,Y,False,False,False,False,2,2,2,2,2,0,1,1,0
id:2094,2094,H7,Eagle Air,Uganda,Y,False,False,False,False,2,2,2,2,1,1,0,1,0
id:319,319,HM,Air Seychelles,Seychelles,Y,False,False,False,False,2,2,2,2,1,1,0,1,0.8
id:1769,1769,HR,China United Airlines,China,Y,False,False,False,False,2,2,2,2,2,0,1,1,0
id:19944,19944,I4,International AirLink,Jamaica,Y,False,False,False,False,2,2,2,2,1,1,0,1,0
id:116,116,I9,Air Italy,Italy,Y,False,False,False,False,2,2,2,2,2,0,1,1,0.5
id:2731,2731,JB,Helijet,Canada,Y,False,False,False,False,2,2,2,2,1,1,0,1,0
id:109,109,KO,Alaska Central Express,United States,Y,False,False,False,False,2,2,2,2,1,1,0,1,0
id:3197,3197,LR,LACSA,Costa Rica,Y,False,False,False,False,2,2,2,4,1,1,0,0,0.916666666666667
id:3498,3498,MY,Midwest Airlines (Egypt),Egypt,Y,False,False,False,False,2,2,2,2,1,1,0,1,0
code:P1,,P1,,,,False,False,False,False,2,2,2,2,1,1,0,1,0.8
id:106,106,PE,Air Europe,Italy,Y,False,False,False,False,2,2,2,2,2,0,1,1,0
id:18700,18700,Q3,SOCHI AIR CHATER,Russia,Y,False,False,False,False,2,2,2,2,2,0,1,1,0
id:10,10,Q5,40-Mile Air,United States,Y,False,False,False,False,2,2,2,2,1,1,0,1,0
id:1048,1048,TD,Atlantis European Airways,Armenia,Y,False,False,False,False,2,2,2,2,2,0,1,1,0.5
id:2757,2757,UD,Hex'Air,France,Y,False,False,False,False,2,2,2,2,1,1,0,1,0
id:4165,4165,V4,Reem Air,Kyrgyzstan,N,False,False,False,False,2,2,2,2,1,1,0,1,0
id:1775,1775,X7,Chitaavia,Russia,N,False,False,False,False,2,2,2,2,1,1,0,1,0
id:17519,17519,YR,SENIC AIRLINES,United States,Y,False,False,False,False,2,2,2,2,1,1,0,1,0
id:1266,1266,Z3,Avient Aviation,Zimbabwe,Y,False,False,False,False,2,2,2,2,1,1,0,1,0
code:9D,,9D,,,,False,False,False,False,1,1,1,2,2,0,1,0,0
id:2260,2260,EW,Eurowings,Germany,Y,False,False,False,False,1,1,1,2,2,0,1,0,0
id:241,241,S2,Air Sahara,India,Y,False,False,False,False,1,1,1,2,1,1,0,0,0.994047619047619
